Workbook
Name IQ_CH: 110000
Name IQ_CQ: 5000
Name IQ_CY: 10000
Name IQ_DAILY: 500000
Name IQ_FH: 100000
Name IQ_FQ: 500
Name IQ_FY: 1000
Name IQ_LTM: 2000
Name IQ_MONTH: 15000
Name IQ_NTM: 6000
Name IQ_WEEK: 50000
Name IQ_YTD: 3000

Sheet Model Setup
A1: MOTS(Mathematical Optimization Model for Team Scheduling)
A3: Time period(in days) for which data is incorporated in the model | B3: 20
A6: Distribution of non-FTC leads in FTC hours(local time) | B6: FTC- 8am | C6: FTC-9am | D6: FTC-10am | E6: FTC-11am | F6: FTC-12pm | G6: FTC-1pm | H6: FTC-2pm | I6: FTC-3pm | J6: FTC-4pm | K6: FTC-5pm | L6: FTC-6pm | M6: FTC-7pm | N6: FTC-8pm | O6: Total
B7: 0 | C7: 1 | D7: 2 | E7: 3 | F7: 4 | G7: 5 | H7: 6 | I7: 7 | J7: 8 | K7: 9 | L7: 10 | M7: 11 | N7: 12
B8: 0 | C8: 0 | D8: 0 | E8: 0 | F8: 0 | G8: 0 | H8: 0 | I8: 0 | J8: 0 | K8: 0 | L8: 0.3 | M8: 0.4 | N8: 0.3 | O8: =SUM(B8:N8) -> 1

Sheet Data- Refined
A1: Hourly Lead Flow By State | T1: License Profile By Team | AC1: Team Agent Totals
U2: East | W2: West | AA2: License Total By State
B3: ='Data- Extract'!CJ3 -> 5 am to 6 am | C3: ='Data- Extract'!CK3 -> 6am to 7am | D3: ='Data- Extract'!CL3 -> 7 am to 8 am | E3: ='Data- Extract'!CM3 -> 8 am to 9 am | F3: ='Data- Extract'!CN3 -> 9am to 10 am | G3: ='Data- Extract'!CO3 -> 10 am to 11 am | H3: ='Data- Extract'!CP3 -> 11 am to 12 pm | I3: ='Data- Extract'!CQ3 -> 12 pm to 1 pm | ... Q3: ='Data- Extract'!CY3 -> 8 pm to 9 pm | T3: State License | U3: Team Howard | V3: Team Smithers | W3: Elite | X3: Franchise | Y3: Market Makers | Z3: The Commissioners | AC3: Number of Agents | AD3: Team Howard | AE3: Team Smithers | AF3: Elite | AG3: Franchise | AH3: Market Makers | AI3: The Commissioners
A4: AK | B4: ='Data- Extract'!CJ5 -> 0 | C4: ='Data- Extract'!CK5 -> 0 | D4: ='Data- Extract'!CL5 -> 0 | E4: ='Data- Extract'!CM5 -> 16 | F4: ='Data- Extract'!CN5 -> 13 | G4: ='Data- Extract'!CO5 -> 10 | H4: ='Data- Extract'!CP5 -> 8 | I4: ='Data- Extract'!CQ5 -> 6 | ... Q4: ='Data- Extract'!CY5 -> 14 | T4: AK | U4: 4 | V4: 4 | W4: 2 | X4: 2 | Y4: 2 | Z4: 0 | AA4: =SUM(U4:Z4) -> 14 | AD4: 32 | AE4: 30 | AF4: 20 | AG4: 18 | AH4: 16 | AI4: 18
A5: AL | B5: ='Data- Extract'!CJ6 -> 0 | C5: ='Data- Extract'!CK6 -> 38 | D5: ='Data- Extract'!CL6 -> 66 | E5: ='Data- Extract'!CM6 -> 54 | F5: ='Data- Extract'!CN6 -> 57 | G5: ='Data- Extract'!CO6 -> 54 | H5: ='Data- Extract'!CP6 -> 34 | I5: ='Data- Extract'!CQ6 -> 24 | ... Q5: ='Data- Extract'!CY6 -> 0 | T5: AL | U5: 10 | V5: 9 | W5: 6 | X5: 2 | Y5: 4 | Z5: 6 | AA5: =SUM(U5:Z5) -> 37
A6: AR | B6: ='Data- Extract'!CJ7 -> 0 | C6: ='Data- Extract'!CK7 -> 30 | D6: ='Data- Extract'!CL7 -> 35 | E6: ='Data- Extract'!CM7 -> 46 | F6: ='Data- Extract'!CN7 -> 35 | G6: ='Data- Extract'!CO7 -> 29 | H6: ='Data- Extract'!CP7 -> 17 | I6: ='Data- Extract'!CQ7 -> 24 | ... Q6: ='Data- Extract'!CY7 -> 0 | T6: AR | U6: 5 | V6: 7 | W6: 2 | X6: 0 | Y6: 1 | Z6: 0 | AA6: =SUM(U6:Z6) -> 15 | AC6: Avg leads/MB | AJ6: =SUM(B56:Q56)/SUM(AD4:AI4)/'Model Setup'!B3 -> 14.283582
A7: AZ | B7: ='Data- Extract'!CJ8 -> 0 | C7: ='Data- Extract'!CK8 -> 0 | D7: ='Data- Extract'!CL8 -> 107 | E7: ='Data- Extract'!CM8 -> 159 | F7: ='Data- Extract'!CN8 -> 135 | G7: ='Data- Extract'!CO8 -> 101 | H7: ='Data- Extract'!CP8 -> 85 | I7: ='Data- Extract'!CQ8 -> 76 | ... Q7: ='Data- Extract'!CY8 -> 0 | T7: AZ | U7: 6 | V7: 7 | W7: 5 | X7: 8 | Y7: 3 | Z7: 4 | AA7: =SUM(U7:Z7) -> 33
A8: CA | B8: ='Data- Extract'!CJ9 -> 0 | C8: ='Data- Extract'!CK9 -> 0 | D8: ='Data- Extract'!CL9 -> 0 | E8: ='Data- Extract'!CM9 -> 526 | F8: ='Data- Extract'!CN9 -> 681 | G8: ='Data- Extract'!CO9 -> 691 | H8: ='Data- Extract'!CP9 -> 526 | I8: ='Data- Extract'!CQ9 -> 460 | ... Q8: ='Data- Extract'!CY9 -> 442 | T8: CA | U8: 28 | V8: 27 | W8: 20 | X8: 18 | Y8: 16 | Z8: 18 | AA8: =SUM(U8:Z8) -> 127
A9: CO | B9: ='Data- Extract'!CJ10 -> 0 | C9: ='Data- Extract'!CK10 -> 0 | D9: ='Data- Extract'!CL10 -> 97 | E9: ='Data- Extract'!CM10 -> 122 | F9: ='Data- Extract'!CN10 -> 121 | G9: ='Data- Extract'!CO10 -> 109 | H9: ='Data- Extract'!CP10 -> 71 | I9: ='Data- Extract'!CQ10 -> 54 | ... Q9: ='Data- Extract'!CY10 -> 0 | T9: CO | U9: 11 | V9: 11 | W9: 10 | X9: 10 | Y9: 6 | Z9: 5 | AA9: =SUM(U9:Z9) -> 53
A10: CT | B10: ='Data- Extract'!CJ11 -> 0 | C10: ='Data- Extract'!CK11 -> 67 | D10: ='Data- Extract'!CL11 -> 101 | E10: ='Data- Extract'!CM11 -> 99 | F10: ='Data- Extract'!CN11 -> 94 | G10: ='Data- Extract'!CO11 -> 69 | H10: ='Data- Extract'!CP11 -> 48 | I10: ='Data- Extract'!CQ11 -> 30 | ... Q10: ='Data- Extract'!CY11 -> 0 | T10: CT | U10: 13 | V10: 15 | W10: 9 | X10: 7 | Y10: 6 | Z10: 7 | AA10: =SUM(U10:Z10) -> 57
A11: DC | B11: ='Data- Extract'!CJ12 -> 1 | C11: ='Data- Extract'!CK12 -> 12 | D11: ='Data- Extract'!CL12 -> 10 | E11: ='Data- Extract'!CM12 -> 18 | F11: ='Data- Extract'!CN12 -> 20 | G11: ='Data- Extract'!CO12 -> 12 | H11: ='Data- Extract'!CP12 -> 7 | I11: ='Data- Extract'!CQ12 -> 8 | ... Q11: ='Data- Extract'!CY12 -> 0 | T11: DC | U11: 6 | V11: 4 | W11: 1 | X11: 1 | Y11: 3 | Z11: 1 | AA11: =SUM(U11:Z11) -> 16
A12: DE | B12: ='Data- Extract'!CJ13 -> 8 | C12: ='Data- Extract'!CK13 -> 18 | D12: ='Data- Extract'!CL13 -> 17 | E12: ='Data- Extract'!CM13 -> 11 | F12: ='Data- Extract'!CN13 -> 15 | G12: ='Data- Extract'!CO13 -> 12 | H12: ='Data- Extract'!CP13 -> 11 | I12: ='Data- Extract'!CQ13 -> 10 | ... Q12: ='Data- Extract'!CY13 -> 0 | T12: DE | U12: 6 | V12: 8 | W12: 1 | X12: 5 | Y12: 1 | Z12: 4 | AA12: =SUM(U12:Z12) -> 25
A13: FL | B13: ='Data- Extract'!CJ14 -> 78 | C13: ='Data- Extract'!CK14 -> 262 | D13: ='Data- Extract'!CL14 -> 250 | E13: ='Data- Extract'!CM14 -> 242 | F13: ='Data- Extract'!CN14 -> 230 | G13: ='Data- Extract'!CO14 -> 185 | H13: ='Data- Extract'!CP14 -> 202 | I13: ='Data- Extract'!CQ14 -> 170 | ... Q13: ='Data- Extract'!CY14 -> 0 | T13: FL | U13: 20 | V13: 17 | W13: 8 | X13: 8 | Y13: 10 | Z13: 9 | AA13: =SUM(U13:Z13) -> 72
A14: GA | B14: ='Data- Extract'!CJ15 -> 35 | C14: ='Data- Extract'!CK15 -> 130 | D14: ='Data- Extract'!CL15 -> 128 | E14: ='Data- Extract'!CM15 -> 146 | F14: ='Data- Extract'!CN15 -> 143 | G14: ='Data- Extract'!CO15 -> 119 | H14: ='Data- Extract'!CP15 -> 99 | I14: ='Data- Extract'!CQ15 -> 76 | ... Q14: ='Data- Extract'!CY15 -> 0 | T14: GA | U14: 14 | V14: 9 | W14: 8 | X14: 10 | Y14: 6 | Z14: 2 | AA14: =SUM(U14:Z14) -> 49
A15: HI | B15: ='Data- Extract'!CJ16 -> 0 | C15: ='Data- Extract'!CK16 -> 19 | D15: ='Data- Extract'!CL16 -> 14 | E15: ='Data- Extract'!CM16 -> 9 | F15: ='Data- Extract'!CN16 -> 12 | G15: ='Data- Extract'!CO16 -> 14 | H15: ='Data- Extract'!CP16 -> 12 | I15: ='Data- Extract'!CQ16 -> 12 | ... Q15: ='Data- Extract'!CY16 -> 0 | T15: HI | U15: 7 | V15: 9 | W15: 5 | X15: 3 | Y15: 2 | Z15: 0 | AA15: =SUM(U15:Z15) -> 26
A16: IA | B16: ='Data- Extract'!CJ17 -> 0 | C16: ='Data- Extract'!CK17 -> 18 | D16: ='Data- Extract'!CL17 -> 23 | E16: ='Data- Extract'!CM17 -> 12 | F16: ='Data- Extract'!CN17 -> 20 | G16: ='Data- Extract'!CO17 -> 16 | H16: ='Data- Extract'!CP17 -> 12 | I16: ='Data- Extract'!CQ17 -> 15 | ... Q16: ='Data- Extract'!CY17 -> 0 | T16: IA | U16: 4 | V16: 2 | W16: 3 | X16: 4 | Y16: 4 | Z16: 1 | AA16: =SUM(U16:Z16) -> 18
A17: ID | B17: ='Data- Extract'!CJ18 -> 0 | C17: ='Data- Extract'!CK18 -> 0 | D17: ='Data- Extract'!CL18 -> 24 | E17: ='Data- Extract'!CM18 -> 21 | F17: ='Data- Extract'!CN18 -> 23 | G17: ='Data- Extract'!CO18 -> 22 | H17: ='Data- Extract'!CP18 -> 19 | I17: ='Data- Extract'!CQ18 -> 14 | ... Q17: ='Data- Extract'!CY18 -> 0 | T17: ID | U17: 4 | V17: 5 | W17: 1 | X17: 1 | Y17: 0 | Z17: 0 | AA17: =SUM(U17:Z17) -> 11
A18: IL | B18: ='Data- Extract'!CJ19 -> 0 | C18: ='Data- Extract'!CK19 -> 0 | D18: ='Data- Extract'!CL19 -> 135 | E18: ='Data- Extract'!CM19 -> 139 | F18: ='Data- Extract'!CN19 -> 119 | G18: ='Data- Extract'!CO19 -> 107 | H18: ='Data- Extract'!CP19 -> 109 | I18: ='Data- Extract'!CQ19 -> 95 | ... Q18: ='Data- Extract'!CY19 -> 0 | T18: IL | U18: 14 | V18: 12 | W18: 9 | X18: 8 | Y18: 8 | Z18: 7 | AA18: =SUM(U18:Z18) -> 58
... A55: WY | B55: ='Data- Extract'!CJ56 -> 0 | C55: ='Data- Extract'!CK56 -> 0 | D55: ='Data- Extract'!CL56 -> 18 | E55: ='Data- Extract'!CM56 -> 17 | F55: ='Data- Extract'!CN56 -> 16 | G55: ='Data- Extract'!CO56 -> 12 | H55: ='Data- Extract'!CP56 -> 10 | I55: ='Data- Extract'!CQ56 -> 11 | ... Q55: ='Data- Extract'!CY56 -> 0 | T55: WY | U55: 4 | V55: 5 | W55: 0 | X55: 1 | Y55: 1 | Z55: 1 | AA55: =SUM(U55:Z55) -> 12
A56: Totals | B56: =SUM(B4:B55) -> 521 | C56: =SUM(C4:C55) -> 2347 | D56: =SUM(D4:D55) -> 3383 | E56: =SUM(E4:E55) -> 4363 | F56: =SUM(F4:F55) -> 4392 | G56: =SUM(G4:G55) -> 4019 | H56: =SUM(H4:H55) -> 3180 | I56: =SUM(I4:I55) -> 2636 | ... Q56: =SUM(Q4:Q55) -> 592 | T56: Totals | U56: =SUM(U4:U55) -> 456 | V56: =SUM(V4:V55) -> 456 | W56: =SUM(W4:W55) -> 299 | X56: =SUM(X4:X55) -> 259 | Y56: =SUM(Y4:Y55) -> 222 | Z56: =SUM(Z4:Z55) -> 208

Sheet Optimization Model
B1: Optimized Matrix | I1: Approx. Leads / MB
C3: East | E3: West | L3: # of teams in Total (Constraint)
C4: Team Howard | D4: Team Smithers | E4: Elite | F4: Franchise | G4: Market Makers | H4: The Commissioners | S4: Average of leads/license/hr (minimized value) | T4: =AVERAGE(C31:P82) -> 4.7893466
B5: ='Data- Refined'!B3 -> 5 am to 6 am | C5: 1 | D5: 0 | E5: 0 | F5: 0 | G5: 0 | H5: 0 | I5: =' Metrics Calculation'!L13 -> 0.8140625 | L5: =SUM(C5:D5) -> 1 | M5: >= | N5: 1
B6: ='Data- Refined'!C3 -> 6am to 7am | C6: 0 | D6: 1 | E6: 0 | F6: 0 | G6: 0 | H6: 0 | I6: =' Metrics Calculation'!L14 -> 3.9116667 | L6: =SUM(C6:D6) -> 1 | M6: >= | N6: 1 | S6: Timeslots with no Coverage | T6: =COUNTIF(U31:AJ82,"=NA") -> 10
B7: ='Data- Refined'!D3 -> 7 am to 8 am | C7: 1 | D7: 0 | E7: 0 | F7: 0 | G7: 0 | H7: 0 | I7: =' Metrics Calculation'!L15 -> 5.2859375 | L7: =SUM(C7:H7) -> 1 | M7: >= | N7: 1
B8: ='Data- Refined'!E3 -> 8 am to 9 am | C8: 0 | D8: 1 | E8: 0 | F8: 0 | G8: 0 | H8: 1 | I8: =' Metrics Calculation'!L16 -> 4.5447917 | L8: =SUM(C8:H8) -> 2 | M8: >= | N8: 1
B9: ='Data- Refined'!F3 -> 9am to 10 am | C9: 1 | D9: 0 | E9: 0 | F9: 1 | G9: 0 | H9: 0 | I9: =' Metrics Calculation'!L17 -> 4.392 | L9: =SUM(C9:H9) -> 2 | M9: >= | N9: 1
B10: ='Data- Refined'!G3 -> 10 am to 11 am | C10: 0 | D10: 1 | E10: 0 | F10: 1 | G10: 0 | H10: 0 | I10: =' Metrics Calculation'!L18 -> 4.1864583 | L10: =SUM(C10:H10) -> 2 | M10: >= | N10: 1
B11: ='Data- Refined'!H3 -> 11 am to 12 pm | C11: 0 | D11: 0 | E11: 1 | F11: 0 | G11: 1 | H11: 0 | I11: =' Metrics Calculation'!L19 -> 4.4166667 | L11: =SUM(C11:H11) -> 2 | M11: >= | N11: 1
B12: ='Data- Refined'!I3 -> 12 pm to 1 pm | C12: 0 | D12: 0 | E12: 0 | F12: 0 | G12: 1 | H12: 1 | I12: =' Metrics Calculation'!L20 -> 3.8764706 | L12: =SUM(C12:H12) -> 2 | M12: >= | N12: 1
B13: ='Data- Refined'!J3 -> 1pm to 2 pm | C13: 1 | D13: 0 | E13: 0 | F13: 0 | G13: 0 | H13: 0 | I13: =' Metrics Calculation'!L21 -> 3.7484375 | L13: =SUM(C13:H13) -> 1 | M13: >= | N13: 1
B14: ='Data- Refined'!K3 -> 2 pm to 3 pm | C14: 0 | D14: 1 | E14: 0 | F14: 0 | G14: 0 | H14: 0 | I14: =' Metrics Calculation'!L22 -> 3.0883333 | L14: =SUM(C14:H14) -> 1 | M14: >= | N14: 1
B15: ='Data- Refined'!L3 -> 3 pm to 4 pm | C15: 0 | D15: 0 | E15: 0 | F15: 1 | G15: 1 | H15: 0 | I15: =' Metrics Calculation'!L23 -> 2.7632353 | L15: =SUM(C15:H15) -> 2 | M15: >= | N15: 1
B16: ='Data- Refined'!M3 -> 4 pm to 5 pm | C16: 0 | D16: 0 | E16: 1 | F16: 0 | G16: 0 | H16: 0 | I16: =' Metrics Calculation'!L24 -> 4.8475 | L16: =SUM(C16:H16) -> 1 | M16: >= | N16: 1
B17: ='Data- Refined'!N3 -> 5 pm to 6 pm | C17: 0 | D17: 0 | E17: 1 | F17: 0 | G17: 1 | H17: 0 | I17: =' Metrics Calculation'!L25 -> 2.6916667 | L17: =SUM(C17:H17) -> 2 | M17: >= | N17: 1
B18: ='Data- Refined'!O3 -> 6 pm to 7 pm | C18: 0 | D18: 0 | E18: 1 | F18: 1 | G18: 0 | H18: 0 | I18: =' Metrics Calculation'!L26 -> 2.0276316 | L18: =SUM(C18:H18) -> 2 | M18: >= | N18: 1
B19: ='Data- Refined'!P3 -> 7 pm to 8 pm | C19: 0 | D19: 0 | E19: 0 | F19: 0 | G19: 0 | H19: 1 | I19: =' Metrics Calculation'!L27 -> 3.6055556 | L19: =SUM(C19:H19) -> 1 | M19: >= | N19: 1
B20: ='Data- Refined'!Q3 -> 8 pm to 9 pm | C20: 0 | D20: 0 | E20: 0 | F20: 0 | G20: 0 | H20: 1 | I20: =' Metrics Calculation'!L28 -> 1.6444444 | L20: =SUM(C20:H20) -> 1 | M20: >= | N20: 1
B21: # of Leads/MB/day | C21: =' Metrics Calculation'!B5 -> 14.240438 | D21: =' Metrics Calculation'!C5 -> 15.73125 | E21: =' Metrics Calculation'!D5 -> 13.983465 | F21: =' Metrics Calculation'!E5 -> 13.369325 | G21: =' Metrics Calculation'!F5 -> 13.748039 | H21: =' Metrics Calculation'!G5 -> 13.671262
B24: # of hours/team (Constraint) | C24: =SUM('Optimization Model'!C5:C18) -> 4 | D24: =SUM('Optimization Model'!D5:D18) -> 4 | E24: =SUM('Optimization Model'!E7:E20) -> 4 | F24: =SUM('Optimization Model'!F7:F20) -> 4 | G24: =SUM('Optimization Model'!G7:G20) -> 4 | H24: =SUM('Optimization Model'!H7:H20) -> 4
C25: <= | D25: <= | E25: <= | F25: <= | G25: <= | H25: <=
C26: 4 | D26: 4 | E26: 4 | F26: 4 | G26: 4 | H26: 4
B29: Minimization Matrix | T29: Availability Matrix (NA => No Coverage)
C30: ='Data- Refined'!B3 -> 5 am to 6 am | D30: ='Data- Refined'!C3 -> 6am to 7am | E30: ='Data- Refined'!D3 -> 7 am to 8 am | F30: ='Data- Refined'!E3 -> 8 am to 9 am | G30: ='Data- Refined'!F3 -> 9am to 10 am | H30: ='Data- Refined'!G3 -> 10 am to 11 am | I30: ='Data- Refined'!H3 -> 11 am to 12 pm | J30: ='Data- Refined'!I3 -> 12 pm to 1 pm | ... R30: ='Data- Refined'!Q3 -> 8 pm to 9 pm | U30: =C30 -> 5 am to 6 am | V30: =D30 -> 6am to 7am | W30: =E30 -> 7 am to 8 am | X30: =F30 -> 8 am to 9 am | Y30: =G30 -> 9am to 10 am | Z30: =H30 -> 10 am to 11 am | AA30: =I30 -> 11 am to 12 pm | AB30: =J30 -> 12 pm to 1 pm | ... AJ30: =R30 -> 8 pm to 9 pm
B31: AK | C31: =IFERROR('Data- Refined'!$B4/'Support Calculation'!$Q4,'Data- Refined'!$B4) -> 0 | D31: =IFERROR('Data- Refined'!$C4/'Support Calculation'!$Z4,'Data- Refined'!$C4) -> 0 | E31: =IFERROR('Data- Refined'!$D4/'Support Calculation'!$AI4,'Data- Refined'!$D4) -> 0 | F31: =IFERROR('Data- Refined'!$E4/'Support Calculation'!$AR4,'Data- Refined'!$E4) -> 4 | G31: =IFERROR('Data- Refined'!$F4/'Support Calculation'!$BA4,'Data- Refined'!$F4) -> 2.1666667 | H31: =IFERROR('Data- Refined'!$G4/'Support Calculation'!$BJ4,'Data- Refined'!$G4) -> 1.6666667 | I31: =IFERROR('Data- Refined'!$H4/'Support Calculation'!$BS4,'Data- Refined'!$H4) -> 2 | J31: =IFERROR('Data- Refined'!$I4/'Support Calculation'!$CB4,'Data- Refined'!$I4) -> 3 | K31: =IFERROR('Data- Refined'!$J4/'Support Calculation'!$CK4,'Data- Refined'!$J4) -> 2 | L31: =IFERROR('Data- Refined'!$K4/'Support Calculation'!$CT4,'Data- Refined'!$K4) -> 1.5 | M31: =IFERROR('Data- Refined'!$L4/'Support Calculation'!$DC4,'Data- Refined'!$L4) -> 1.25 | N31: =IFERROR('Data- Refined'!$M4/'Support Calculation'!$DL4,'Data- Refined'!$M4) -> 2 | O31: =IFERROR('Data- Refined'!$N4/'Support Calculation'!$DU4,'Data- Refined'!$N4) -> 1 | P31: =IFERROR('Data- Refined'!$O4/'Support Calculation'!$ED4,'Data- Refined'!$O4) -> 3.75 | Q31: =IFERROR('Data- Refined'!$P4/'Support Calculation'!EM4,'Data- Refined'!$P4) -> 20 | R31: =IFERROR('Data- Refined'!$Q4/'Support Calculation'!EV4,'Data- Refined'!$Q4) -> 14 | T31: AK | U31: =IFERROR('Data- Refined'!$B4/'Support Calculation'!$Q4,IF('Data- Refined'!$B4=0,0,"NA")) -> 0 | V31: =IFERROR('Data- Refined'!$C4/'Support Calculation'!$Z4,IF('Data- Refined'!$C4=0,0,"NA")) -> 0 | W31: =IFERROR('Data- Refined'!$D4/'Support Calculation'!$AI4,IF('Data- Refined'!$D4=0,0,"NA")) -> 0 | X31: =IFERROR('Data- Refined'!$E4/'Support Calculation'!$AR4,IF('Data- Refined'!$E4=0,0,"NA")) -> 4 | Y31: =IFERROR('Data- Refined'!$F4/'Support Calculation'!$BA4,IF('Data- Refined'!$F4=0,0,"NA")) -> 2.1666667 | Z31: =IFERROR('Data- Refined'!$G4/'Support Calculation'!$BJ4,IF('Data- Refined'!$G4=0,0,"NA")) -> 1.6666667 | AA31: =IFERROR('Data- Refined'!$H4/'Support Calculation'!$BS4,IF('Data- Refined'!$H4=0,0,"NA")) -> 2 | AB31: =IFERROR('Data- Refined'!$I4/'Support Calculation'!$CB4,IF('Data- Refined'!$I4=0,0,"NA")) -> 3 | AC31: =IFERROR('Data- Refined'!$J4/'Support Calculation'!$CK4,IF('Data- Refined'!$J4=0,0,"NA")) -> 2 | AD31: =IFERROR('Data- Refined'!$K4/'Support Calculation'!$CT4,IF('Data- Refined'!$K4=0,0,"NA")) -> 1.5 | AE31: =IFERROR('Data- Refined'!$L4/'Support Calculation'!$DC4,IF('Data- Refined'!$L4=0,0,"NA")) -> 1.25 | AF31: =IFERROR('Data- Refined'!$M4/'Support Calculation'!$DL4,IF('Data- Refined'!$M4=0,0,"NA")) -> 2 | AG31: =IFERROR('Data- Refined'!$N4/'Support Calculation'!$DU4,IF('Data- Refined'!$N4=0,0,"NA")) -> 1 | AH31: =IFERROR('Data- Refined'!$O4/'Support Calculation'!$ED4,IF('Data- Refined'!$O4=0,0,"NA")) -> 3.75 | AI31: =IFERROR('Data- Refined'!$P4/'Support Calculation'!EM4,IF('Data- Refined'!$P4=0,0,"NA")) -> NA | AJ31: =IFERROR('Data- Refined'!$Q4/'Support Calculation'!EV4,IF('Data- Refined'!$Q4=0,0,"NA")) -> NA
B32: AL | C32: =IFERROR('Data- Refined'!$B5/'Support Calculation'!$Q5,'Data- Refined'!$B5) -> 0 | D32: =IFERROR('Data- Refined'!$C5/'Support Calculation'!$Z5,'Data- Refined'!$C5) -> 4.2222222 | E32: =IFERROR('Data- Refined'!$D5/'Support Calculation'!$AI5,'Data- Refined'!$D5) -> 6.6 | F32: =IFERROR('Data- Refined'!$E5/'Support Calculation'!$AR5,'Data- Refined'!$E5) -> 3.6 | G32: =IFERROR('Data- Refined'!$F5/'Support Calculation'!$BA5,'Data- Refined'!$F5) -> 4.75 | H32: =IFERROR('Data- Refined'!$G5/'Support Calculation'!$BJ5,'Data- Refined'!$G5) -> 4.9090909 | I32: =IFERROR('Data- Refined'!$H5/'Support Calculation'!$BS5,'Data- Refined'!$H5) -> 3.4 | J32: =IFERROR('Data- Refined'!$I5/'Support Calculation'!$CB5,'Data- Refined'!$I5) -> 2.4 | K32: =IFERROR('Data- Refined'!$J5/'Support Calculation'!$CK5,'Data- Refined'!$J5) -> 3.5 | L32: =IFERROR('Data- Refined'!$K5/'Support Calculation'!$CT5,'Data- Refined'!$K5) -> 2.6666667 | M32: =IFERROR('Data- Refined'!$L5/'Support Calculation'!$DC5,'Data- Refined'!$L5) -> 1.8333333 | N32: =IFERROR('Data- Refined'!$M5/'Support Calculation'!$DL5,'Data- Refined'!$M5) -> 3.5 | O32: =IFERROR('Data- Refined'!$N5/'Support Calculation'!$DU5,'Data- Refined'!$N5) -> 2.5 | P32: =IFERROR('Data- Refined'!$O5/'Support Calculation'!$ED5,'Data- Refined'!$O5) -> 2.375 | Q32: =IFERROR('Data- Refined'!$P5/'Support Calculation'!EM5,'Data- Refined'!$P5) -> 0 | R32: =IFERROR('Data- Refined'!$Q5/'Support Calculation'!EV5,'Data- Refined'!$Q5) -> 0 | T32: AL | U32: =IFERROR('Data- Refined'!$B5/'Support Calculation'!$Q5,IF('Data- Refined'!$B5=0,0,"NA")) -> 0 | V32: =IFERROR('Data- Refined'!$C5/'Support Calculation'!$Z5,IF('Data- Refined'!$C5=0,0,"NA")) -> 4.2222222 | W32: =IFERROR('Data- Refined'!$D5/'Support Calculation'!$AI5,IF('Data- Refined'!$D5=0,0,"NA")) -> 6.6 | X32: =IFERROR('Data- Refined'!$E5/'Support Calculation'!$AR5,IF('Data- Refined'!$E5=0,0,"NA")) -> 3.6 | Y32: =IFERROR('Data- Refined'!$F5/'Support Calculation'!$BA5,IF('Data- Refined'!$F5=0,0,"NA")) -> 4.75 | Z32: =IFERROR('Data- Refined'!$G5/'Support Calculation'!$BJ5,IF('Data- Refined'!$G5=0,0,"NA")) -> 4.9090909 | AA32: =IFERROR('Data- Refined'!$H5/'Support Calculation'!$BS5,IF('Data- Refined'!$H5=0,0,"NA")) -> 3.4 | AB32: =IFERROR('Data- Refined'!$I5/'Support Calculation'!$CB5,IF('Data- Refined'!$I5=0,0,"NA")) -> 2.4 | AC32: =IFERROR('Data- Refined'!$J5/'Support Calculation'!$CK5,IF('Data- Refined'!$J5=0,0,"NA")) -> 3.5 | AD32: =IFERROR('Data- Refined'!$K5/'Support Calculation'!$CT5,IF('Data- Refined'!$K5=0,0,"NA")) -> 2.6666667 | AE32: =IFERROR('Data- Refined'!$L5/'Support Calculation'!$DC5,IF('Data- Refined'!$L5=0,0,"NA")) -> 1.8333333 | AF32: =IFERROR('Data- Refined'!$M5/'Support Calculation'!$DL5,IF('Data- Refined'!$M5=0,0,"NA")) -> 3.5 | AG32: =IFERROR('Data- Refined'!$N5/'Support Calculation'!$DU5,IF('Data- Refined'!$N5=0,0,"NA")) -> 2.5 | AH32: =IFERROR('Data- Refined'!$O5/'Support Calculation'!$ED5,IF('Data- Refined'!$O5=0,0,"NA")) -> 2.375 | AI32: =IFERROR('Data- Refined'!$P5/'Support Calculation'!EM5,IF('Data- Refined'!$P5=0,0,"NA")) -> 0 | AJ32: =IFERROR('Data- Refined'!$Q5/'Support Calculation'!EV5,IF('Data- Refined'!$Q5=0,0,"NA")) -> 0
B33: AR | C33: =IFERROR('Data- Refined'!$B6/'Support Calculation'!$Q6,'Data- Refined'!$B6) -> 0 | D33: =IFERROR('Data- Refined'!$C6/'Support Calculation'!$Z6,'Data- Refined'!$C6) -> 4.2857143 | E33: =IFERROR('Data- Refined'!$D6/'Support Calculation'!$AI6,'Data- Refined'!$D6) -> 7 | F33: =IFERROR('Data- Refined'!$E6/'Support Calculation'!$AR6,'Data- Refined'!$E6) -> 6.5714286 | G33: =IFERROR('Data- Refined'!$F6/'Support Calculation'!$BA6,'Data- Refined'!$F6) -> 7 | H33: =IFERROR('Data- Refined'!$G6/'Support Calculation'!$BJ6,'Data- Refined'!$G6) -> 4.1428571 | I33: =IFERROR('Data- Refined'!$H6/'Support Calculation'!$BS6,'Data- Refined'!$H6) -> 5.6666667 | J33: =IFERROR('Data- Refined'!$I6/'Support Calculation'!$CB6,'Data- Refined'!$I6) -> 24 | K33: =IFERROR('Data- Refined'!$J6/'Support Calculation'!$CK6,'Data- Refined'!$J6) -> 3.4 | L33: =IFERROR('Data- Refined'!$K6/'Support Calculation'!$CT6,'Data- Refined'!$K6) -> 2.4285714 | M33: =IFERROR('Data- Refined'!$L6/'Support Calculation'!$DC6,'Data- Refined'!$L6) -> 10 | N33: =IFERROR('Data- Refined'!$M6/'Support Calculation'!$DL6,'Data- Refined'!$M6) -> 8 | O33: =IFERROR('Data- Refined'!$N6/'Support Calculation'!$DU6,'Data- Refined'!$N6) -> 5 | P33: =IFERROR('Data- Refined'!$O6/'Support Calculation'!$ED6,'Data- Refined'!$O6) -> 7.5 | Q33: =IFERROR('Data- Refined'!$P6/'Support Calculation'!EM6,'Data- Refined'!$P6) -> 0 | R33: =IFERROR('Data- Refined'!$Q6/'Support Calculation'!EV6,'Data- Refined'!$Q6) -> 0 | T33: AR | U33: =IFERROR('Data- Refined'!$B6/'Support Calculation'!$Q6,IF('Data- Refined'!$B6=0,0,"NA")) -> 0 | V33: =IFERROR('Data- Refined'!$C6/'Support Calculation'!$Z6,IF('Data- Refined'!$C6=0,0,"NA")) -> 4.2857143 | W33: =IFERROR('Data- Refined'!$D6/'Support Calculation'!$AI6,IF('Data- Refined'!$D6=0,0,"NA")) -> 7 | X33: =IFERROR('Data- Refined'!$E6/'Support Calculation'!$AR6,IF('Data- Refined'!$E6=0,0,"NA")) -> 6.5714286 | Y33: =IFERROR('Data- Refined'!$F6/'Support Calculation'!$BA6,IF('Data- Refined'!$F6=0,0,"NA")) -> 7 | Z33: =IFERROR('Data- Refined'!$G6/'Support Calculation'!$BJ6,IF('Data- Refined'!$G6=0,0,"NA")) -> 4.1428571 | AA33: =IFERROR('Data- Refined'!$H6/'Support Calculation'!$BS6,IF('Data- Refined'!$H6=0,0,"NA")) -> 5.6666667 | AB33: =IFERROR('Data- Refined'!$I6/'Support Calculation'!$CB6,IF('Data- Refined'!$I6=0,0,"NA")) -> 24 | AC33: =IFERROR('Data- Refined'!$J6/'Support Calculation'!$CK6,IF('Data- Refined'!$J6=0,0,"NA")) -> 3.4 | AD33: =IFERROR('Data- Refined'!$K6/'Support Calculation'!$CT6,IF('Data- Refined'!$K6=0,0,"NA")) -> 2.4285714 | AE33: =IFERROR('Data- Refined'!$L6/'Support Calculation'!$DC6,IF('Data- Refined'!$L6=0,0,"NA")) -> 10 | AF33: =IFERROR('Data- Refined'!$M6/'Support Calculation'!$DL6,IF('Data- Refined'!$M6=0,0,"NA")) -> 8 | AG33: =IFERROR('Data- Refined'!$N6/'Support Calculation'!$DU6,IF('Data- Refined'!$N6=0,0,"NA")) -> 5 | AH33: =IFERROR('Data- Refined'!$O6/'Support Calculation'!$ED6,IF('Data- Refined'!$O6=0,0,"NA")) -> 7.5 | AI33: =IFERROR('Data- Refined'!$P6/'Support Calculation'!EM6,IF('Data- Refined'!$P6=0,0,"NA")) -> 0 | AJ33: =IFERROR('Data- Refined'!$Q6/'Support Calculation'!EV6,IF('Data- Refined'!$Q6=0,0,"NA")) -> 0
B34: AZ | C34: =IFERROR('Data- Refined'!$B7/'Support Calculation'!$Q7,'Data- Refined'!$B7) -> 0 | D34: =IFERROR('Data- Refined'!$C7/'Support Calculation'!$Z7,'Data- Refined'!$C7) -> 0 | E34: =IFERROR('Data- Refined'!$D7/'Support Calculation'!$AI7,'Data- Refined'!$D7) -> 17.833333 | F34: =IFERROR('Data- Refined'!$E7/'Support Calculation'!$AR7,'Data- Refined'!$E7) -> 14.454545 | G34: =IFERROR('Data- Refined'!$F7/'Support Calculation'!$BA7,'Data- Refined'!$F7) -> 9.6428571 | H34: =IFERROR('Data- Refined'!$G7/'Support Calculation'!$BJ7,'Data- Refined'!$G7) -> 6.7333333 | I34: =IFERROR('Data- Refined'!$H7/'Support Calculation'!$BS7,'Data- Refined'!$H7) -> 10.625 | J34: =IFERROR('Data- Refined'!$I7/'Support Calculation'!$CB7,'Data- Refined'!$I7) -> 10.857143 | K34: =IFERROR('Data- Refined'!$J7/'Support Calculation'!$CK7,'Data- Refined'!$J7) -> 12.333333 | L34: =IFERROR('Data- Refined'!$K7/'Support Calculation'!$CT7,'Data- Refined'!$K7) -> 9.4285714 | M34: =IFERROR('Data- Refined'!$L7/'Support Calculation'!$DC7,'Data- Refined'!$L7) -> 4.1818182 | N34: =IFERROR('Data- Refined'!$M7/'Support Calculation'!$DL7,'Data- Refined'!$M7) -> 5.4 | O34: =IFERROR('Data- Refined'!$N7/'Support Calculation'!$DU7,'Data- Refined'!$N7) -> 9.125 | P34: =IFERROR('Data- Refined'!$O7/'Support Calculation'!$ED7,'Data- Refined'!$O7) -> 6.5384615 | Q34: =IFERROR('Data- Refined'!$P7/'Support Calculation'!EM7,'Data- Refined'!$P7) -> 16.5 | R34: =IFERROR('Data- Refined'!$Q7/'Support Calculation'!EV7,'Data- Refined'!$Q7) -> 0 | T34: AZ | U34: =IFERROR('Data- Refined'!$B7/'Support Calculation'!$Q7,IF('Data- Refined'!$B7=0,0,"NA")) -> 0 | V34: =IFERROR('Data- Refined'!$C7/'Support Calculation'!$Z7,IF('Data- Refined'!$C7=0,0,"NA")) -> 0 | W34: =IFERROR('Data- Refined'!$D7/'Support Calculation'!$AI7,IF('Data- Refined'!$D7=0,0,"NA")) -> 17.833333 | X34: =IFERROR('Data- Refined'!$E7/'Support Calculation'!$AR7,IF('Data- Refined'!$E7=0,0,"NA")) -> 14.454545 | Y34: =IFERROR('Data- Refined'!$F7/'Support Calculation'!$BA7,IF('Data- Refined'!$F7=0,0,"NA")) -> 9.6428571 | Z34: =IFERROR('Data- Refined'!$G7/'Support Calculation'!$BJ7,IF('Data- Refined'!$G7=0,0,"NA")) -> 6.7333333 | AA34: =IFERROR('Data- Refined'!$H7/'Support Calculation'!$BS7,IF('Data- Refined'!$H7=0,0,"NA")) -> 10.625 | AB34: =IFERROR('Data- Refined'!$I7/'Support Calculation'!$CB7,IF('Data- Refined'!$I7=0,0,"NA")) -> 10.857143 | AC34: =IFERROR('Data- Refined'!$J7/'Support Calculation'!$CK7,IF('Data- Refined'!$J7=0,0,"NA")) -> 12.333333 | AD34: =IFERROR('Data- Refined'!$K7/'Support Calculation'!$CT7,IF('Data- Refined'!$K7=0,0,"NA")) -> 9.4285714 | AE34: =IFERROR('Data- Refined'!$L7/'Support Calculation'!$DC7,IF('Data- Refined'!$L7=0,0,"NA")) -> 4.1818182 | AF34: =IFERROR('Data- Refined'!$M7/'Support Calculation'!$DL7,IF('Data- Refined'!$M7=0,0,"NA")) -> 5.4 | AG34: =IFERROR('Data- Refined'!$N7/'Support Calculation'!$DU7,IF('Data- Refined'!$N7=0,0,"NA")) -> 9.125 | AH34: =IFERROR('Data- Refined'!$O7/'Support Calculation'!$ED7,IF('Data- Refined'!$O7=0,0,"NA")) -> 6.5384615 | AI34: =IFERROR('Data- Refined'!$P7/'Support Calculation'!EM7,IF('Data- Refined'!$P7=0,0,"NA")) -> 16.5 | AJ34: =IFERROR('Data- Refined'!$Q7/'Support Calculation'!EV7,IF('Data- Refined'!$Q7=0,0,"NA")) -> 0
B35: CA | C35: =IFERROR('Data- Refined'!$B8/'Support Calculation'!$Q8,'Data- Refined'!$B8) -> 0 | D35: =IFERROR('Data- Refined'!$C8/'Support Calculation'!$Z8,'Data- Refined'!$C8) -> 0 | E35: =IFERROR('Data- Refined'!$D8/'Support Calculation'!$AI8,'Data- Refined'!$D8) -> 0 | F35: =IFERROR('Data- Refined'!$E8/'Support Calculation'!$AR8,'Data- Refined'!$E8) -> 11.688889 | G35: =IFERROR('Data- Refined'!$F8/'Support Calculation'!$BA8,'Data- Refined'!$F8) -> 14.804348 | H35: =IFERROR('Data- Refined'!$G8/'Support Calculation'!$BJ8,'Data- Refined'!$G8) -> 15.355556 | I35: =IFERROR('Data- Refined'!$H8/'Support Calculation'!$BS8,'Data- Refined'!$H8) -> 14.611111 | J35: =IFERROR('Data- Refined'!$I8/'Support Calculation'!$CB8,'Data- Refined'!$I8) -> 13.529412 | K35: =IFERROR('Data- Refined'!$J8/'Support Calculation'!$CK8,'Data- Refined'!$J8) -> 14.928571 | L35: =IFERROR('Data- Refined'!$K8/'Support Calculation'!$CT8,'Data- Refined'!$K8) -> 11.851852 | M35: =IFERROR('Data- Refined'!$L8/'Support Calculation'!$DC8,'Data- Refined'!$L8) -> 8.7647059 | N35: =IFERROR('Data- Refined'!$M8/'Support Calculation'!$DL8,'Data- Refined'!$M8) -> 14.6 | O35: =IFERROR('Data- Refined'!$N8/'Support Calculation'!$DU8,'Data- Refined'!$N8) -> 4.9722222 | P35: =IFERROR('Data- Refined'!$O8/'Support Calculation'!$ED8,'Data- Refined'!$O8) -> 13.394737 | Q35: =IFERROR('Data- Refined'!$P8/'Support Calculation'!EM8,'Data- Refined'!$P8) -> 33.111111 | R35: =IFERROR('Data- Refined'!$Q8/'Support Calculation'!EV8,'Data- Refined'!$Q8) -> 24.555556 | T35: CA | U35: =IFERROR('Data- Refined'!$B8/'Support Calculation'!$Q8,IF('Data- Refined'!$B8=0,0,"NA")) -> 0 | V35: =IFERROR('Data- Refined'!$C8/'Support Calculation'!$Z8,IF('Data- Refined'!$C8=0,0,"NA")) -> 0 | W35: =IFERROR('Data- Refined'!$D8/'Support Calculation'!$AI8,IF('Data- Refined'!$D8=0,0,"NA")) -> 0 | X35: =IFERROR('Data- Refined'!$E8/'Support Calculation'!$AR8,IF('Data- Refined'!$E8=0,0,"NA")) -> 11.688889 | Y35: =IFERROR('Data- Refined'!$F8/'Support Calculation'!$BA8,IF('Data- Refined'!$F8=0,0,"NA")) -> 14.804348 | Z35: =IFERROR('Data- Refined'!$G8/'Support Calculation'!$BJ8,IF('Data- Refined'!$G8=0,0,"NA")) -> 15.355556 | AA35: =IFERROR('Data- Refined'!$H8/'Support Calculation'!$BS8,IF('Data- Refined'!$H8=0,0,"NA")) -> 14.611111 | AB35: =IFERROR('Data- Refined'!$I8/'Support Calculation'!$CB8,IF('Data- Refined'!$I8=0,0,"NA")) -> 13.529412 | AC35: =IFERROR('Data- Refined'!$J8/'Support Calculation'!$CK8,IF('Data- Refined'!$J8=0,0,"NA")) -> 14.928571 | AD35: =IFERROR('Data- Refined'!$K8/'Support Calculation'!$CT8,IF('Data- Refined'!$K8=0,0,"NA")) -> 11.851852 | AE35: =IFERROR('Data- Refined'!$L8/'Support Calculation'!$DC8,IF('Data- Refined'!$L8=0,0,"NA")) -> 8.7647059 | AF35: =IFERROR('Data- Refined'!$M8/'Support Calculation'!$DL8,IF('Data- Refined'!$M8=0,0,"NA")) -> 14.6 | AG35: =IFERROR('Data- Refined'!$N8/'Support Calculation'!$DU8,IF('Data- Refined'!$N8=0,0,"NA")) -> 4.9722222 | AH35: =IFERROR('Data- Refined'!$O8/'Support Calculation'!$ED8,IF('Data- Refined'!$O8=0,0,"NA")) -> 13.394737 | AI35: =IFERROR('Data- Refined'!$P8/'Support Calculation'!EM8,IF('Data- Refined'!$P8=0,0,"NA")) -> 33.111111 | AJ35: =IFERROR('Data- Refined'!$Q8/'Support Calculation'!EV8,IF('Data- Refined'!$Q8=0,0,"NA")) -> 24.555556
B36: CO | C36: =IFERROR('Data- Refined'!$B9/'Support Calculation'!$Q9,'Data- Refined'!$B9) -> 0 | D36: =IFERROR('Data- Refined'!$C9/'Support Calculation'!$Z9,'Data- Refined'!$C9) -> 0 | E36: =IFERROR('Data- Refined'!$D9/'Support Calculation'!$AI9,'Data- Refined'!$D9) -> 8.8181818 | F36: =IFERROR('Data- Refined'!$E9/'Support Calculation'!$AR9,'Data- Refined'!$E9) -> 7.625 | G36: =IFERROR('Data- Refined'!$F9/'Support Calculation'!$BA9,'Data- Refined'!$F9) -> 5.7619048 | H36: =IFERROR('Data- Refined'!$G9/'Support Calculation'!$BJ9,'Data- Refined'!$G9) -> 5.1904762 | I36: =IFERROR('Data- Refined'!$H9/'Support Calculation'!$BS9,'Data- Refined'!$H9) -> 4.4375 | J36: =IFERROR('Data- Refined'!$I9/'Support Calculation'!$CB9,'Data- Refined'!$I9) -> 4.9090909 | K36: =IFERROR('Data- Refined'!$J9/'Support Calculation'!$CK9,'Data- Refined'!$J9) -> 4.9090909 | L36: =IFERROR('Data- Refined'!$K9/'Support Calculation'!$CT9,'Data- Refined'!$K9) -> 4.9090909 | M36: =IFERROR('Data- Refined'!$L9/'Support Calculation'!$DC9,'Data- Refined'!$L9) -> 1.625 | N36: =IFERROR('Data- Refined'!$M9/'Support Calculation'!$DL9,'Data- Refined'!$M9) -> 3 | O36: =IFERROR('Data- Refined'!$N9/'Support Calculation'!$DU9,'Data- Refined'!$N9) -> 3.3125 | P36: =IFERROR('Data- Refined'!$O9/'Support Calculation'!$ED9,'Data- Refined'!$O9) -> 2.85 | Q36: =IFERROR('Data- Refined'!$P9/'Support Calculation'!EM9,'Data- Refined'!$P9) -> 9.2 | R36: =IFERROR('Data- Refined'!$Q9/'Support Calculation'!EV9,'Data- Refined'!$Q9) -> 0 | T36: CO | U36: =IFERROR('Data- Refined'!$B9/'Support Calculation'!$Q9,IF('Data- Refined'!$B9=0,0,"NA")) -> 0 | V36: =IFERROR('Data- Refined'!$C9/'Support Calculation'!$Z9,IF('Data- Refined'!$C9=0,0,"NA")) -> 0 | W36: =IFERROR('Data- Refined'!$D9/'Support Calculation'!$AI9,IF('Data- Refined'!$D9=0,0,"NA")) -> 8.8181818 | X36: =IFERROR('Data- Refined'!$E9/'Support Calculation'!$AR9,IF('Data- Refined'!$E9=0,0,"NA")) -> 7.625 | Y36: =IFERROR('Data- Refined'!$F9/'Support Calculation'!$BA9,IF('Data- Refined'!$F9=0,0,"NA")) -> 5.7619048 | Z36: =IFERROR('Data- Refined'!$G9/'Support Calculation'!$BJ9,IF('Data- Refined'!$G9=0,0,"NA")) -> 5.1904762 | AA36: =IFERROR('Data- Refined'!$H9/'Support Calculation'!$BS9,IF('Data- Refined'!$H9=0,0,"NA")) -> 4.4375 | AB36: =IFERROR('Data- Refined'!$I9/'Support Calculation'!$CB9,IF('Data- Refined'!$I9=0,0,"NA")) -> 4.9090909 | AC36: =IFERROR('Data- Refined'!$J9/'Support Calculation'!$CK9,IF('Data- Refined'!$J9=0,0,"NA")) -> 4.9090909 | AD36: =IFERROR('Data- Refined'!$K9/'Support Calculation'!$CT9,IF('Data- Refined'!$K9=0,0,"NA")) -> 4.9090909 | AE36: =IFERROR('Data- Refined'!$L9/'Support Calculation'!$DC9,IF('Data- Refined'!$L9=0,0,"NA")) -> 1.625 | AF36: =IFERROR('Data- Refined'!$M9/'Support Calculation'!$DL9,IF('Data- Refined'!$M9=0,0,"NA")) -> 3 | AG36: =IFERROR('Data- Refined'!$N9/'Support Calculation'!$DU9,IF('Data- Refined'!$N9=0,0,"NA")) -> 3.3125 | AH36: =IFERROR('Data- Refined'!$O9/'Support Calculation'!$ED9,IF('Data- Refined'!$O9=0,0,"NA")) -> 2.85 | AI36: =IFERROR('Data- Refined'!$P9/'Support Calculation'!EM9,IF('Data- Refined'!$P9=0,0,"NA")) -> 9.2 | AJ36: =IFERROR('Data- Refined'!$Q9/'Support Calculation'!EV9,IF('Data- Refined'!$Q9=0,0,"NA")) -> 0
B37: CT | C37: =IFERROR('Data- Refined'!$B10/'Support Calculation'!$Q10,'Data- Refined'!$B10) -> 0 | D37: =IFERROR('Data- Refined'!$C10/'Support Calculation'!$Z10,'Data- Refined'!$C10) -> 4.4666667 | E37: =IFERROR('Data- Refined'!$D10/'Support Calculation'!$AI10,'Data- Refined'!$D10) -> 7.7692308 | F37: =IFERROR('Data- Refined'!$E10/'Support Calculation'!$AR10,'Data- Refined'!$E10) -> 4.5 | G37: =IFERROR('Data- Refined'!$F10/'Support Calculation'!$BA10,'Data- Refined'!$F10) -> 4.7 | H37: =IFERROR('Data- Refined'!$G10/'Support Calculation'!$BJ10,'Data- Refined'!$G10) -> 3.1363636 | I37: =IFERROR('Data- Refined'!$H10/'Support Calculation'!$BS10,'Data- Refined'!$H10) -> 3.2 | J37: =IFERROR('Data- Refined'!$I10/'Support Calculation'!$CB10,'Data- Refined'!$I10) -> 2.3076923 | K37: =IFERROR('Data- Refined'!$J10/'Support Calculation'!$CK10,'Data- Refined'!$J10) -> 2 | L37: =IFERROR('Data- Refined'!$K10/'Support Calculation'!$CT10,'Data- Refined'!$K10) -> 1.3333333 | M37: =IFERROR('Data- Refined'!$L10/'Support Calculation'!$DC10,'Data- Refined'!$L10) -> 2.0769231 | N37: =IFERROR('Data- Refined'!$M10/'Support Calculation'!$DL10,'Data- Refined'!$M10) -> 3.4444444 | O37: =IFERROR('Data- Refined'!$N10/'Support Calculation'!$DU10,'Data- Refined'!$N10) -> 2.7333333 | P37: =IFERROR('Data- Refined'!$O10/'Support Calculation'!$ED10,'Data- Refined'!$O10) -> 1.875 | Q37: =IFERROR('Data- Refined'!$P10/'Support Calculation'!EM10,'Data- Refined'!$P10) -> 0 | R37: =IFERROR('Data- Refined'!$Q10/'Support Calculation'!EV10,'Data- Refined'!$Q10) -> 0 | T37: CT | U37: =IFERROR('Data- Refined'!$B10/'Support Calculation'!$Q10,IF('Data- Refined'!$B10=0,0,"NA")) -> 0 | V37: =IFERROR('Data- Refined'!$C10/'Support Calculation'!$Z10,IF('Data- Refined'!$C10=0,0,"NA")) -> 4.4666667 | W37: =IFERROR('Data- Refined'!$D10/'Support Calculation'!$AI10,IF('Data- Refined'!$D10=0,0,"NA")) -> 7.7692308 | X37: =IFERROR('Data- Refined'!$E10/'Support Calculation'!$AR10,IF('Data- Refined'!$E10=0,0,"NA")) -> 4.5 | Y37: =IFERROR('Data- Refined'!$F10/'Support Calculation'!$BA10,IF('Data- Refined'!$F10=0,0,"NA")) -> 4.7 | Z37: =IFERROR('Data- Refined'!$G10/'Support Calculation'!$BJ10,IF('Data- Refined'!$G10=0,0,"NA")) -> 3.1363636 | AA37: =IFERROR('Data- Refined'!$H10/'Support Calculation'!$BS10,IF('Data- Refined'!$H10=0,0,"NA")) -> 3.2 | AB37: =IFERROR('Data- Refined'!$I10/'Support Calculation'!$CB10,IF('Data- Refined'!$I10=0,0,"NA")) -> 2.3076923 | AC37: =IFERROR('Data- Refined'!$J10/'Support Calculation'!$CK10,IF('Data- Refined'!$J10=0,0,"NA")) -> 2 | AD37: =IFERROR('Data- Refined'!$K10/'Support Calculation'!$CT10,IF('Data- Refined'!$K10=0,0,"NA")) -> 1.3333333 | AE37: =IFERROR('Data- Refined'!$L10/'Support Calculation'!$DC10,IF('Data- Refined'!$L10=0,0,"NA")) -> 2.0769231 | AF37: =IFERROR('Data- Refined'!$M10/'Support Calculation'!$DL10,IF('Data- Refined'!$M10=0,0,"NA")) -> 3.4444444 | AG37: =IFERROR('Data- Refined'!$N10/'Support Calculation'!$DU10,IF('Data- Refined'!$N10=0,0,"NA")) -> 2.7333333 | AH37: =IFERROR('Data- Refined'!$O10/'Support Calculation'!$ED10,IF('Data- Refined'!$O10=0,0,"NA")) -> 1.875 | AI37: =IFERROR('Data- Refined'!$P10/'Support Calculation'!EM10,IF('Data- Refined'!$P10=0,0,"NA")) -> 0 | AJ37: =IFERROR('Data- Refined'!$Q10/'Support Calculation'!EV10,IF('Data- Refined'!$Q10=0,0,"NA")) -> 0
B38: DC | C38: =IFERROR('Data- Refined'!$B11/'Support Calculation'!$Q11,'Data- Refined'!$B11) -> 0.16666667 | D38: =IFERROR('Data- Refined'!$C11/'Support Calculation'!$Z11,'Data- Refined'!$C11) -> 3 | E38: =IFERROR('Data- Refined'!$D11/'Support Calculation'!$AI11,'Data- Refined'!$D11) -> 1.6666667 | F38: =IFERROR('Data- Refined'!$E11/'Support Calculation'!$AR11,'Data- Refined'!$E11) -> 3.6 | G38: =IFERROR('Data- Refined'!$F11/'Support Calculation'!$BA11,'Data- Refined'!$F11) -> 2.8571429 | H38: =IFERROR('Data- Refined'!$G11/'Support Calculation'!$BJ11,'Data- Refined'!$G11) -> 2.4 | I38: =IFERROR('Data- Refined'!$H11/'Support Calculation'!$BS11,'Data- Refined'!$H11) -> 1.75 | J38: =IFERROR('Data- Refined'!$I11/'Support Calculation'!$CB11,'Data- Refined'!$I11) -> 2 | K38: =IFERROR('Data- Refined'!$J11/'Support Calculation'!$CK11,'Data- Refined'!$J11) -> 1.6666667 | L38: =IFERROR('Data- Refined'!$K11/'Support Calculation'!$CT11,'Data- Refined'!$K11) -> 1.75 | M38: =IFERROR('Data- Refined'!$L11/'Support Calculation'!$DC11,'Data- Refined'!$L11) -> 1.25 | N38: =IFERROR('Data- Refined'!$M11/'Support Calculation'!$DL11,'Data- Refined'!$M11) -> 2 | O38: =IFERROR('Data- Refined'!$N11/'Support Calculation'!$DU11,'Data- Refined'!$N11) -> 1 | P38: =IFERROR('Data- Refined'!$O11/'Support Calculation'!$ED11,'Data- Refined'!$O11) -> 0 | Q38: =IFERROR('Data- Refined'!$P11/'Support Calculation'!EM11,'Data- Refined'!$P11) -> 0 | R38: =IFERROR('Data- Refined'!$Q11/'Support Calculation'!EV11,'Data- Refined'!$Q11) -> 0 | T38: DC | U38: =IFERROR('Data- Refined'!$B11/'Support Calculation'!$Q11,IF('Data- Refined'!$B11=0,0,"NA")) -> 0.16666667 | V38: =IFERROR('Data- Refined'!$C11/'Support Calculation'!$Z11,IF('Data- Refined'!$C11=0,0,"NA")) -> 3 | W38: =IFERROR('Data- Refined'!$D11/'Support Calculation'!$AI11,IF('Data- Refined'!$D11=0,0,"NA")) -> 1.6666667 | X38: =IFERROR('Data- Refined'!$E11/'Support Calculation'!$AR11,IF('Data- Refined'!$E11=0,0,"NA")) -> 3.6 | Y38: =IFERROR('Data- Refined'!$F11/'Support Calculation'!$BA11,IF('Data- Refined'!$F11=0,0,"NA")) -> 2.8571429 | Z38: =IFERROR('Data- Refined'!$G11/'Support Calculation'!$BJ11,IF('Data- Refined'!$G11=0,0,"NA")) -> 2.4 | AA38: =IFERROR('Data- Refined'!$H11/'Support Calculation'!$BS11,IF('Data- Refined'!$H11=0,0,"NA")) -> 1.75 | AB38: =IFERROR('Data- Refined'!$I11/'Support Calculation'!$CB11,IF('Data- Refined'!$I11=0,0,"NA")) -> 2 | AC38: =IFERROR('Data- Refined'!$J11/'Support Calculation'!$CK11,IF('Data- Refined'!$J11=0,0,"NA")) -> 1.6666667 | AD38: =IFERROR('Data- Refined'!$K11/'Support Calculation'!$CT11,IF('Data- Refined'!$K11=0,0,"NA")) -> 1.75 | AE38: =IFERROR('Data- Refined'!$L11/'Support Calculation'!$DC11,IF('Data- Refined'!$L11=0,0,"NA")) -> 1.25 | AF38: =IFERROR('Data- Refined'!$M11/'Support Calculation'!$DL11,IF('Data- Refined'!$M11=0,0,"NA")) -> 2 | AG38: =IFERROR('Data- Refined'!$N11/'Support Calculation'!$DU11,IF('Data- Refined'!$N11=0,0,"NA")) -> 1 | AH38: =IFERROR('Data- Refined'!$O11/'Support Calculation'!$ED11,IF('Data- Refined'!$O11=0,0,"NA")) -> 0 | AI38: =IFERROR('Data- Refined'!$P11/'Support Calculation'!EM11,IF('Data- Refined'!$P11=0,0,"NA")) -> 0 | AJ38: =IFERROR('Data- Refined'!$Q11/'Support Calculation'!EV11,IF('Data- Refined'!$Q11=0,0,"NA")) -> 0
B39: DE | C39: =IFERROR('Data- Refined'!$B12/'Support Calculation'!$Q12,'Data- Refined'!$B12) -> 1.3333333 | D39: =IFERROR('Data- Refined'!$C12/'Support Calculation'!$Z12,'Data- Refined'!$C12) -> 2.25 | E39: =IFERROR('Data- Refined'!$D12/'Support Calculation'!$AI12,'Data- Refined'!$D12) -> 2.8333333 | F39: =IFERROR('Data- Refined'!$E12/'Support Calculation'!$AR12,'Data- Refined'!$E12) -> 0.91666667 | G39: =IFERROR('Data- Refined'!$F12/'Support Calculation'!$BA12,'Data- Refined'!$F12) -> 1.3636364 | H39: =IFERROR('Data- Refined'!$G12/'Support Calculation'!$BJ12,'Data- Refined'!$G12) -> 0.92307692 | I39: =IFERROR('Data- Refined'!$H12/'Support Calculation'!$BS12,'Data- Refined'!$H12) -> 5.5 | J39: =IFERROR('Data- Refined'!$I12/'Support Calculation'!$CB12,'Data- Refined'!$I12) -> 2 | K39: =IFERROR('Data- Refined'!$J12/'Support Calculation'!$CK12,'Data- Refined'!$J12) -> 1.3333333 | L39: =IFERROR('Data- Refined'!$K12/'Support Calculation'!$CT12,'Data- Refined'!$K12) -> 0.75 | M39: =IFERROR('Data- Refined'!$L12/'Support Calculation'!$DC12,'Data- Refined'!$L12) -> 1.3333333 | N39: =IFERROR('Data- Refined'!$M12/'Support Calculation'!$DL12,'Data- Refined'!$M12) -> 9 | O39: =IFERROR('Data- Refined'!$N12/'Support Calculation'!$DU12,'Data- Refined'!$N12) -> 5 | P39: =IFERROR('Data- Refined'!$O12/'Support Calculation'!$ED12,'Data- Refined'!$O12) -> 0 | Q39: =IFERROR('Data- Refined'!$P12/'Support Calculation'!EM12,'Data- Refined'!$P12) -> 0 | R39: =IFERROR('Data- Refined'!$Q12/'Support Calculation'!EV12,'Data- Refined'!$Q12) -> 0 | T39: DE | U39: =IFERROR('Data- Refined'!$B12/'Support Calculation'!$Q12,IF('Data- Refined'!$B12=0,0,"NA")) -> 1.3333333 | V39: =IFERROR('Data- Refined'!$C12/'Support Calculation'!$Z12,IF('Data- Refined'!$C12=0,0,"NA")) -> 2.25 | W39: =IFERROR('Data- Refined'!$D12/'Support Calculation'!$AI12,IF('Data- Refined'!$D12=0,0,"NA")) -> 2.8333333 | X39: =IFERROR('Data- Refined'!$E12/'Support Calculation'!$AR12,IF('Data- Refined'!$E12=0,0,"NA")) -> 0.91666667 | Y39: =IFERROR('Data- Refined'!$F12/'Support Calculation'!$BA12,IF('Data- Refined'!$F12=0,0,"NA")) -> 1.3636364 | Z39: =IFERROR('Data- Refined'!$G12/'Support Calculation'!$BJ12,IF('Data- Refined'!$G12=0,0,"NA")) -> 0.92307692 | AA39: =IFERROR('Data- Refined'!$H12/'Support Calculation'!$BS12,IF('Data- Refined'!$H12=0,0,"NA")) -> 5.5 | AB39: =IFERROR('Data- Refined'!$I12/'Support Calculation'!$CB12,IF('Data- Refined'!$I12=0,0,"NA")) -> 2 | AC39: =IFERROR('Data- Refined'!$J12/'Support Calculation'!$CK12,IF('Data- Refined'!$J12=0,0,"NA")) -> 1.3333333 | AD39: =IFERROR('Data- Refined'!$K12/'Support Calculation'!$CT12,IF('Data- Refined'!$K12=0,0,"NA")) -> 0.75 | AE39: =IFERROR('Data- Refined'!$L12/'Support Calculation'!$DC12,IF('Data- Refined'!$L12=0,0,"NA")) -> 1.3333333 | AF39: =IFERROR('Data- Refined'!$M12/'Support Calculation'!$DL12,IF('Data- Refined'!$M12=0,0,"NA")) -> 9 | AG39: =IFERROR('Data- Refined'!$N12/'Support Calculation'!$DU12,IF('Data- Refined'!$N12=0,0,"NA")) -> 5 | AH39: =IFERROR('Data- Refined'!$O12/'Support Calculation'!$ED12,IF('Data- Refined'!$O12=0,0,"NA")) -> 0 | AI39: =IFERROR('Data- Refined'!$P12/'Support Calculation'!EM12,IF('Data- Refined'!$P12=0,0,"NA")) -> 0 | AJ39: =IFERROR('Data- Refined'!$Q12/'Support Calculation'!EV12,IF('Data- Refined'!$Q12=0,0,"NA")) -> 0
B40: FL | C40: =IFERROR('Data- Refined'!$B13/'Support Calculation'!$Q13,'Data- Refined'!$B13) -> 3.9 | D40: =IFERROR('Data- Refined'!$C13/'Support Calculation'!$Z13,'Data- Refined'!$C13) -> 15.411765 | E40: =IFERROR('Data- Refined'!$D13/'Support Calculation'!$AI13,'Data- Refined'!$D13) -> 12.5 | F40: =IFERROR('Data- Refined'!$E13/'Support Calculation'!$AR13,'Data- Refined'!$E13) -> 9.3076923 | G40: =IFERROR('Data- Refined'!$F13/'Support Calculation'!$BA13,'Data- Refined'!$F13) -> 8.2142857 | H40: =IFERROR('Data- Refined'!$G13/'Support Calculation'!$BJ13,'Data- Refined'!$G13) -> 7.4 | I40: =IFERROR('Data- Refined'!$H13/'Support Calculation'!$BS13,'Data- Refined'!$H13) -> 11.222222 | J40: =IFERROR('Data- Refined'!$I13/'Support Calculation'!$CB13,'Data- Refined'!$I13) -> 8.9473684 | K40: =IFERROR('Data- Refined'!$J13/'Support Calculation'!$CK13,'Data- Refined'!$J13) -> 7.4 | L40: =IFERROR('Data- Refined'!$K13/'Support Calculation'!$CT13,'Data- Refined'!$K13) -> 6.7647059 | M40: =IFERROR('Data- Refined'!$L13/'Support Calculation'!$DC13,'Data- Refined'!$L13) -> 8.1111111 | N40: =IFERROR('Data- Refined'!$M13/'Support Calculation'!$DL13,'Data- Refined'!$M13) -> 19 | O40: =IFERROR('Data- Refined'!$N13/'Support Calculation'!$DU13,'Data- Refined'!$N13) -> 6.8333333 | P40: =IFERROR('Data- Refined'!$O13/'Support Calculation'!$ED13,'Data- Refined'!$O13) -> 0 | Q40: =IFERROR('Data- Refined'!$P13/'Support Calculation'!EM13,'Data- Refined'!$P13) -> 0 | R40: =IFERROR('Data- Refined'!$Q13/'Support Calculation'!EV13,'Data- Refined'!$Q13) -> 0 | T40: FL | U40: =IFERROR('Data- Refined'!$B13/'Support Calculation'!$Q13,IF('Data- Refined'!$B13=0,0,"NA")) -> 3.9 | V40: =IFERROR('Data- Refined'!$C13/'Support Calculation'!$Z13,IF('Data- Refined'!$C13=0,0,"NA")) -> 15.411765 | W40: =IFERROR('Data- Refined'!$D13/'Support Calculation'!$AI13,IF('Data- Refined'!$D13=0,0,"NA")) -> 12.5 | X40: =IFERROR('Data- Refined'!$E13/'Support Calculation'!$AR13,IF('Data- Refined'!$E13=0,0,"NA")) -> 9.3076923 | Y40: =IFERROR('Data- Refined'!$F13/'Support Calculation'!$BA13,IF('Data- Refined'!$F13=0,0,"NA")) -> 8.2142857 | Z40: =IFERROR('Data- Refined'!$G13/'Support Calculation'!$BJ13,IF('Data- Refined'!$G13=0,0,"NA")) -> 7.4 | AA40: =IFERROR('Data- Refined'!$H13/'Support Calculation'!$BS13,IF('Data- Refined'!$H13=0,0,"NA")) -> 11.222222 | AB40: =IFERROR('Data- Refined'!$I13/'Support Calculation'!$CB13,IF('Data- Refined'!$I13=0,0,"NA")) -> 8.9473684 | AC40: =IFERROR('Data- Refined'!$J13/'Support Calculation'!$CK13,IF('Data- Refined'!$J13=0,0,"NA")) -> 7.4 | AD40: =IFERROR('Data- Refined'!$K13/'Support Calculation'!$CT13,IF('Data- Refined'!$K13=0,0,"NA")) -> 6.7647059 | AE40: =IFERROR('Data- Refined'!$L13/'Support Calculation'!$DC13,IF('Data- Refined'!$L13=0,0,"NA")) -> 8.1111111 | AF40: =IFERROR('Data- Refined'!$M13/'Support Calculation'!$DL13,IF('Data- Refined'!$M13=0,0,"NA")) -> 19 | AG40: =IFERROR('Data- Refined'!$N13/'Support Calculation'!$DU13,IF('Data- Refined'!$N13=0,0,"NA")) -> 6.8333333 | AH40: =IFERROR('Data- Refined'!$O13/'Support Calculation'!$ED13,IF('Data- Refined'!$O13=0,0,"NA")) -> 0 | AI40: =IFERROR('Data- Refined'!$P13/'Support Calculation'!EM13,IF('Data- Refined'!$P13=0,0,"NA")) -> 0 | AJ40: =IFERROR('Data- Refined'!$Q13/'Support Calculation'!EV13,IF('Data- Refined'!$Q13=0,0,"NA")) -> 0
B41: GA | C41: =IFERROR('Data- Refined'!$B14/'Support Calculation'!$Q14,'Data- Refined'!$B14) -> 2.5 | D41: =IFERROR('Data- Refined'!$C14/'Support Calculation'!$Z14,'Data- Refined'!$C14) -> 14.444444 | E41: =IFERROR('Data- Refined'!$D14/'Support Calculation'!$AI14,'Data- Refined'!$D14) -> 9.1428571 | F41: =IFERROR('Data- Refined'!$E14/'Support Calculation'!$AR14,'Data- Refined'!$E14) -> 13.272727 | G41: =IFERROR('Data- Refined'!$F14/'Support Calculation'!$BA14,'Data- Refined'!$F14) -> 5.9583333 | H41: =IFERROR('Data- Refined'!$G14/'Support Calculation'!$BJ14,'Data- Refined'!$G14) -> 6.2631579 | I41: =IFERROR('Data- Refined'!$H14/'Support Calculation'!$BS14,'Data- Refined'!$H14) -> 7.0714286 | J41: =IFERROR('Data- Refined'!$I14/'Support Calculation'!$CB14,'Data- Refined'!$I14) -> 9.5 | K41: =IFERROR('Data- Refined'!$J14/'Support Calculation'!$CK14,'Data- Refined'!$J14) -> 4.2142857 | L41: =IFERROR('Data- Refined'!$K14/'Support Calculation'!$CT14,'Data- Refined'!$K14) -> 5.8888889 | M41: =IFERROR('Data- Refined'!$L14/'Support Calculation'!$DC14,'Data- Refined'!$L14) -> 4.375 | N41: =IFERROR('Data- Refined'!$M14/'Support Calculation'!$DL14,'Data- Refined'!$M14) -> 8.375 | O41: =IFERROR('Data- Refined'!$N14/'Support Calculation'!$DU14,'Data- Refined'!$N14) -> 4.2142857 | P41: =IFERROR('Data- Refined'!$O14/'Support Calculation'!$ED14,'Data- Refined'!$O14) -> 0 | Q41: =IFERROR('Data- Refined'!$P14/'Support Calculation'!EM14,'Data- Refined'!$P14) -> 0 | R41: =IFERROR('Data- Refined'!$Q14/'Support Calculation'!EV14,'Data- Refined'!$Q14) -> 0 | T41: GA | U41: =IFERROR('Data- Refined'!$B14/'Support Calculation'!$Q14,IF('Data- Refined'!$B14=0,0,"NA")) -> 2.5 | V41: =IFERROR('Data- Refined'!$C14/'Support Calculation'!$Z14,IF('Data- Refined'!$C14=0,0,"NA")) -> 14.444444 | W41: =IFERROR('Data- Refined'!$D14/'Support Calculation'!$AI14,IF('Data- Refined'!$D14=0,0,"NA")) -> 9.1428571 | X41: =IFERROR('Data- Refined'!$E14/'Support Calculation'!$AR14,IF('Data- Refined'!$E14=0,0,"NA")) -> 13.272727 | Y41: =IFERROR('Data- Refined'!$F14/'Support Calculation'!$BA14,IF('Data- Refined'!$F14=0,0,"NA")) -> 5.9583333 | Z41: =IFERROR('Data- Refined'!$G14/'Support Calculation'!$BJ14,IF('Data- Refined'!$G14=0,0,"NA")) -> 6.2631579 | AA41: =IFERROR('Data- Refined'!$H14/'Support Calculation'!$BS14,IF('Data- Refined'!$H14=0,0,"NA")) -> 7.0714286 | AB41: =IFERROR('Data- Refined'!$I14/'Support Calculation'!$CB14,IF('Data- Refined'!$I14=0,0,"NA")) -> 9.5 | AC41: =IFERROR('Data- Refined'!$J14/'Support Calculation'!$CK14,IF('Data- Refined'!$J14=0,0,"NA")) -> 4.2142857 | AD41: =IFERROR('Data- Refined'!$K14/'Support Calculation'!$CT14,IF('Data- Refined'!$K14=0,0,"NA")) -> 5.8888889 | AE41: =IFERROR('Data- Refined'!$L14/'Support Calculation'!$DC14,IF('Data- Refined'!$L14=0,0,"NA")) -> 4.375 | AF41: =IFERROR('Data- Refined'!$M14/'Support Calculation'!$DL14,IF('Data- Refined'!$M14=0,0,"NA")) -> 8.375 | AG41: =IFERROR('Data- Refined'!$N14/'Support Calculation'!$DU14,IF('Data- Refined'!$N14=0,0,"NA")) -> 4.2142857 | AH41: =IFERROR('Data- Refined'!$O14/'Support Calculation'!$ED14,IF('Data- Refined'!$O14=0,0,"NA")) -> 0 | AI41: =IFERROR('Data- Refined'!$P14/'Support Calculation'!EM14,IF('Data- Refined'!$P14=0,0,"NA")) -> 0 | AJ41: =IFERROR('Data- Refined'!$Q14/'Support Calculation'!EV14,IF('Data- Refined'!$Q14=0,0,"NA")) -> 0
B42: HI | C42: =IFERROR('Data- Refined'!$B15/'Support Calculation'!$Q15,'Data- Refined'!$B15) -> 0 | D42: =IFERROR('Data- Refined'!$C15/'Support Calculation'!$Z15,'Data- Refined'!$C15) -> 2.1111111 | E42: =IFERROR('Data- Refined'!$D15/'Support Calculation'!$AI15,'Data- Refined'!$D15) -> 2 | F42: =IFERROR('Data- Refined'!$E15/'Support Calculation'!$AR15,'Data- Refined'!$E15) -> 1 | G42: =IFERROR('Data- Refined'!$F15/'Support Calculation'!$BA15,'Data- Refined'!$F15) -> 1.2 | H42: =IFERROR('Data- Refined'!$G15/'Support Calculation'!$BJ15,'Data- Refined'!$G15) -> 1.1666667 | I42: =IFERROR('Data- Refined'!$H15/'Support Calculation'!$BS15,'Data- Refined'!$H15) -> 1.7142857 | J42: =IFERROR('Data- Refined'!$I15/'Support Calculation'!$CB15,'Data- Refined'!$I15) -> 6 | K42: =IFERROR('Data- Refined'!$J15/'Support Calculation'!$CK15,'Data- Refined'!$J15) -> 1.1428571 | L42: =IFERROR('Data- Refined'!$K15/'Support Calculation'!$CT15,'Data- Refined'!$K15) -> 0.88888889 | M42: =IFERROR('Data- Refined'!$L15/'Support Calculation'!$DC15,'Data- Refined'!$L15) -> 1.6 | N42: =IFERROR('Data- Refined'!$M15/'Support Calculation'!$DL15,'Data- Refined'!$M15) -> 4.6 | O42: =IFERROR('Data- Refined'!$N15/'Support Calculation'!$DU15,'Data- Refined'!$N15) -> 4.8571429 | P42: =IFERROR('Data- Refined'!$O15/'Support Calculation'!$ED15,'Data- Refined'!$O15) -> 2.875 | Q42: =IFERROR('Data- Refined'!$P15/'Support Calculation'!EM15,'Data- Refined'!$P15) -> 0 | R42: =IFERROR('Data- Refined'!$Q15/'Support Calculation'!EV15,'Data- Refined'!$Q15) -> 0 | T42: HI | U42: =IFERROR('Data- Refined'!$B15/'Support Calculation'!$Q15,IF('Data- Refined'!$B15=0,0,"NA")) -> 0 | V42: =IFERROR('Data- Refined'!$C15/'Support Calculation'!$Z15,IF('Data- Refined'!$C15=0,0,"NA")) -> 2.1111111 | W42: =IFERROR('Data- Refined'!$D15/'Support Calculation'!$AI15,IF('Data- Refined'!$D15=0,0,"NA")) -> 2 | X42: =IFERROR('Data- Refined'!$E15/'Support Calculation'!$AR15,IF('Data- Refined'!$E15=0,0,"NA")) -> 1 | Y42: =IFERROR('Data- Refined'!$F15/'Support Calculation'!$BA15,IF('Data- Refined'!$F15=0,0,"NA")) -> 1.2 | Z42: =IFERROR('Data- Refined'!$G15/'Support Calculation'!$BJ15,IF('Data- Refined'!$G15=0,0,"NA")) -> 1.1666667 | AA42: =IFERROR('Data- Refined'!$H15/'Support Calculation'!$BS15,IF('Data- Refined'!$H15=0,0,"NA")) -> 1.7142857 | AB42: =IFERROR('Data- Refined'!$I15/'Support Calculation'!$CB15,IF('Data- Refined'!$I15=0,0,"NA")) -> 6 | AC42: =IFERROR('Data- Refined'!$J15/'Support Calculation'!$CK15,IF('Data- Refined'!$J15=0,0,"NA")) -> 1.1428571 | AD42: =IFERROR('Data- Refined'!$K15/'Support Calculation'!$CT15,IF('Data- Refined'!$K15=0,0,"NA")) -> 0.88888889 | AE42: =IFERROR('Data- Refined'!$L15/'Support Calculation'!$DC15,IF('Data- Refined'!$L15=0,0,"NA")) -> 1.6 | AF42: =IFERROR('Data- Refined'!$M15/'Support Calculation'!$DL15,IF('Data- Refined'!$M15=0,0,"NA")) -> 4.6 | AG42: =IFERROR('Data- Refined'!$N15/'Support Calculation'!$DU15,IF('Data- Refined'!$N15=0,0,"NA")) -> 4.8571429 | AH42: =IFERROR('Data- Refined'!$O15/'Support Calculation'!$ED15,IF('Data- Refined'!$O15=0,0,"NA")) -> 2.875 | AI42: =IFERROR('Data- Refined'!$P15/'Support Calculation'!EM15,IF('Data- Refined'!$P15=0,0,"NA")) -> 0 | AJ42: =IFERROR('Data- Refined'!$Q15/'Support Calculation'!EV15,IF('Data- Refined'!$Q15=0,0,"NA")) -> 0
... B82: WY | C82: =IFERROR('Data- Refined'!$B55/'Support Calculation'!$Q55,'Data- Refined'!$B55) -> 0 | D82: =IFERROR('Data- Refined'!$C55/'Support Calculation'!$Z55,'Data- Refined'!$C55) -> 0 | E82: =IFERROR('Data- Refined'!$D55/'Support Calculation'!$AI55,'Data- Refined'!$D55) -> 4.5 | F82: =IFERROR('Data- Refined'!$E55/'Support Calculation'!$AR55,'Data- Refined'!$E55) -> 2.8333333 | G82: =IFERROR('Data- Refined'!$F55/'Support Calculation'!$BA55,'Data- Refined'!$F55) -> 3.2 | H82: =IFERROR('Data- Refined'!$G55/'Support Calculation'!$BJ55,'Data- Refined'!$G55) -> 2 | I82: =IFERROR('Data- Refined'!$H55/'Support Calculation'!$BS55,'Data- Refined'!$H55) -> 10 | J82: =IFERROR('Data- Refined'!$I55/'Support Calculation'!$CB55,'Data- Refined'!$I55) -> 5.5 | K82: =IFERROR('Data- Refined'!$J55/'Support Calculation'!$CK55,'Data- Refined'!$J55) -> 2.25 | L82: =IFERROR('Data- Refined'!$K55/'Support Calculation'!$CT55,'Data- Refined'!$K55) -> 1 | M82: =IFERROR('Data- Refined'!$L55/'Support Calculation'!$DC55,'Data- Refined'!$L55) -> 1 | N82: =IFERROR('Data- Refined'!$M55/'Support Calculation'!$DL55,'Data- Refined'!$M55) -> 6 | O82: =IFERROR('Data- Refined'!$N55/'Support Calculation'!$DU55,'Data- Refined'!$N55) -> 6 | P82: =IFERROR('Data- Refined'!$O55/'Support Calculation'!$ED55,'Data- Refined'!$O55) -> 10 | Q82: =IFERROR('Data- Refined'!$P55/'Support Calculation'!EM55,'Data- Refined'!$P55) -> 7 | R82: =IFERROR('Data- Refined'!$Q55/'Support Calculation'!EV55,'Data- Refined'!$Q55) -> 0 | T82: WY | U82: =IFERROR('Data- Refined'!$B55/'Support Calculation'!$Q55,IF('Data- Refined'!$B55=0,0,"NA")) -> 0 | V82: =IFERROR('Data- Refined'!$C55/'Support Calculation'!$Z55,IF('Data- Refined'!$C55=0,0,"NA")) -> 0 | W82: =IFERROR('Data- Refined'!$D55/'Support Calculation'!$AI55,IF('Data- Refined'!$D55=0,0,"NA")) -> 4.5 | X82: =IFERROR('Data- Refined'!$E55/'Support Calculation'!$AR55,IF('Data- Refined'!$E55=0,0,"NA")) -> 2.8333333 | Y82: =IFERROR('Data- Refined'!$F55/'Support Calculation'!$BA55,IF('Data- Refined'!$F55=0,0,"NA")) -> 3.2 | Z82: =IFERROR('Data- Refined'!$G55/'Support Calculation'!$BJ55,IF('Data- Refined'!$G55=0,0,"NA")) -> 2 | AA82: =IFERROR('Data- Refined'!$H55/'Support Calculation'!$BS55,IF('Data- Refined'!$H55=0,0,"NA")) -> 10 | AB82: =IFERROR('Data- Refined'!$I55/'Support Calculation'!$CB55,IF('Data- Refined'!$I55=0,0,"NA")) -> 5.5 | AC82: =IFERROR('Data- Refined'!$J55/'Support Calculation'!$CK55,IF('Data- Refined'!$J55=0,0,"NA")) -> 2.25 | AD82: =IFERROR('Data- Refined'!$K55/'Support Calculation'!$CT55,IF('Data- Refined'!$K55=0,0,"NA")) -> 1 | AE82: =IFERROR('Data- Refined'!$L55/'Support Calculation'!$DC55,IF('Data- Refined'!$L55=0,0,"NA")) -> 1 | AF82: =IFERROR('Data- Refined'!$M55/'Support Calculation'!$DL55,IF('Data- Refined'!$M55=0,0,"NA")) -> NA | AG82: =IFERROR('Data- Refined'!$N55/'Support Calculation'!$DU55,IF('Data- Refined'!$N55=0,0,"NA")) -> 6 | AH82: =IFERROR('Data- Refined'!$O55/'Support Calculation'!$ED55,IF('Data- Refined'!$O55=0,0,"NA")) -> 10 | AI82: =IFERROR('Data- Refined'!$P55/'Support Calculation'!EM55,IF('Data- Refined'!$P55=0,0,"NA")) -> 7 | AJ82: =IFERROR('Data- Refined'!$Q55/'Support Calculation'!EV55,IF('Data- Refined'!$Q55=0,0,"NA")) -> 0
X218: NA

Sheet  Metrics Calculation
A1: Team Metrics
B3: Team Howard | C3: Team Smithers | D3: Elite | E3: Franchise | F3: Market Makers | G3: The Commissioners | O3: Number of working days | P3: ='Model Setup'!B3 -> 20
A4: # of agents | B4: ='Data- Refined'!AD4 -> 32 | C4: ='Data- Refined'!AE4 -> 30 | D4: ='Data- Refined'!AF4 -> 20 | E4: ='Data- Refined'!AG4 -> 18 | F4: ='Data- Refined'!AH4 -> 16 | G4: ='Data- Refined'!AI4 -> 18
A5: #leads/MB/Day | B5: =SUMPRODUCT('Optimization Model'!C5:C20,' Metrics Calculation'!$L$13:$L$28) -> 14.240438 | C5: =SUMPRODUCT('Optimization Model'!D5:D20,' Metrics Calculation'!$L$13:$L$28) -> 15.73125 | D5: =SUMPRODUCT('Optimization Model'!E5:E20,' Metrics Calculation'!$L$13:$L$28) -> 13.983465 | E5: =SUMPRODUCT('Optimization Model'!F5:F20,' Metrics Calculation'!$L$13:$L$28) -> 13.369325 | F5: =SUMPRODUCT('Optimization Model'!G5:G20,' Metrics Calculation'!$L$13:$L$28) -> 13.748039 | G5: =SUMPRODUCT('Optimization Model'!H5:H20,' Metrics Calculation'!$L$13:$L$28) -> 13.671262
A9: Hourly Lead Metrics | O9: Graphing Totals
B11: East | D11: West | H11: Totals Agents/hr | J11: Total Leads/Period | K11: Leads/Period/Agent | L11: Approx Leads/MB
B12: Team Howard | C12: Team Smithers | D12: Elite | E12: Franchise | F12: Market Makers | G12: The Commissioners | I12: Total Licenses/Hr | P12: 12 am to 1 am | Q12: 1 am to 2 am | R12: 2 am to 3 am | S12: 3am to 4 am | T12: 4 am to 5 am | U12: ='Data- Extract'!CJ3 -> 5 am to 6 am | V12: ='Data- Extract'!CK3 -> 6am to 7am | W12: ='Data- Extract'!CL3 -> 7 am to 8 am | X12: ='Data- Extract'!CM3 -> 8 am to 9 am | Y12: ='Data- Extract'!CN3 -> 9am to 10 am | Z12: ='Data- Extract'!CO3 -> 10 am to 11 am | AA12: ='Data- Extract'!CP3 -> 11 am to 12 pm | AB12: ='Data- Extract'!CQ3 -> 12 pm to 1 pm | ... AH12: ='Data- Extract'!CW3 -> 6 pm to 7 pm | AI12: 7pm to 8pm | AJ12: 8 pm to 9 pm | AK12: 9 pm to 10 pm | AL12: 10 pm to 11 pm | AM12: 11pm to 12 am
A13: ='Optimization Model'!B5 -> 5 am to 6 am | B13: ='Optimization Model'!C5*' Metrics Calculation'!B$4 -> 32 | C13: ='Optimization Model'!D5*' Metrics Calculation'!C$4 -> 0 | D13: ='Optimization Model'!E5*' Metrics Calculation'!D$4 -> 0 | E13: ='Optimization Model'!F5*' Metrics Calculation'!E$4 -> 0 | F13: ='Optimization Model'!G5*' Metrics Calculation'!F$4 -> 0 | G13: ='Optimization Model'!H5*' Metrics Calculation'!G$4 -> 0 | H13: =SUM(B13:G13) -> 32 | I13: =SUMIF(B13:G13,">0",'Data- Refined'!$U$56:$Z$56) -> 456 | J13: ='Data- Refined'!B56 -> 521 | K13: =J13/H13 -> 16.28125 | L13: =K13/$P$3 -> 0.8140625 | M13: 5 | O13: Original Lead Flow | P13: ='Data- Extract'!B57 -> 175 | Q13: ='Data- Extract'!C57 -> 145 | R13: ='Data- Extract'!D57 -> 148 | S13: ='Data- Extract'!E57 -> 257 | T13: ='Data- Extract'!F57 -> 426 | U13: ='Data- Extract'!G57 -> 782 | V13: ='Data- Extract'!H57 -> 3508 | W13: ='Data- Extract'!I57 -> 3851 | ... AM13: ='Data- Extract'!Y57 -> 218
A14: ='Optimization Model'!B6 -> 6am to 7am | B14: ='Optimization Model'!C6*' Metrics Calculation'!B$4 -> 0 | C14: ='Optimization Model'!D6*' Metrics Calculation'!C$4 -> 30 | D14: ='Optimization Model'!E6*' Metrics Calculation'!D$4 -> 0 | E14: ='Optimization Model'!F6*' Metrics Calculation'!E$4 -> 0 | F14: ='Optimization Model'!G6*' Metrics Calculation'!F$4 -> 0 | G14: ='Optimization Model'!H6*' Metrics Calculation'!G$4 -> 0 | H14: =SUM(B14:G14) -> 30 | I14: =SUMIF(B14:G14,">0",'Data- Refined'!$U$56:$Z$56) -> 456 | J14: ='Data- Refined'!C56 -> 2347 | K14: =J14/H14 -> 78.233333 | L14: =K14/$P$3 -> 3.9116667 | M14: 6 | O14: Floor - Adjusted Lead Flow | U14: ='Data- Extract'!CJ57 -> 526 | V14: ='Data- Extract'!CK57 -> 2353 | W14: ='Data- Extract'!CL57 -> 3390 | X14: ='Data- Extract'!CM57 -> 4371 | Y14: ='Data- Extract'!CN57 -> 4401 | Z14: ='Data- Extract'!CO57 -> 4029 | AA14: ='Data- Extract'!CP57 -> 3191 | AB14: ='Data- Extract'!CQ57 -> 2648 | ... AJ14: ='Data- Extract'!CY57 -> 612
A15: ='Optimization Model'!B7 -> 7 am to 8 am | B15: ='Optimization Model'!C7*' Metrics Calculation'!B$4 -> 32 | C15: ='Optimization Model'!D7*' Metrics Calculation'!C$4 -> 0 | D15: ='Optimization Model'!E7*' Metrics Calculation'!D$4 -> 0 | E15: ='Optimization Model'!F7*' Metrics Calculation'!E$4 -> 0 | F15: ='Optimization Model'!G7*' Metrics Calculation'!F$4 -> 0 | G15: ='Optimization Model'!H7*' Metrics Calculation'!G$4 -> 0 | H15: =SUM(B15:G15) -> 32 | I15: =SUMIF(B15:G15,">0",'Data- Refined'!$U$56:$Z$56) -> 456 | J15: ='Data- Refined'!D56 -> 3383 | K15: =J15/H15 -> 105.71875 | L15: =K15/$P$3 -> 5.2859375 | M15: 7 | O15: Total Agents/hr | U15: =H13 -> 32 | V15: =H14 -> 30 | W15: =H15 -> 32 | X15: =H16 -> 48 | Y15: =H17 -> 50 | Z15: =H18 -> 48 | AA15: =H19 -> 36 | AB15: =H20 -> 34 | AC15: =H21 -> 32 | AD15: =H22 -> 30 | AE15: =H23 -> 34 | AF15: =H24 -> 20 | AG15: =H25 -> 36 | AH15: =H26 -> 38 | AI15: =H27 -> 18 | AJ15: =H28 -> 18
A16: ='Optimization Model'!B8 -> 8 am to 9 am | B16: ='Optimization Model'!C8*' Metrics Calculation'!B$4 -> 0 | C16: ='Optimization Model'!D8*' Metrics Calculation'!C$4 -> 30 | D16: ='Optimization Model'!E8*' Metrics Calculation'!D$4 -> 0 | E16: ='Optimization Model'!F8*' Metrics Calculation'!E$4 -> 0 | F16: ='Optimization Model'!G8*' Metrics Calculation'!F$4 -> 0 | G16: ='Optimization Model'!H8*' Metrics Calculation'!G$4 -> 18 | H16: =SUM(B16:G16) -> 48 | I16: =SUMIF(B16:G16,">0",'Data- Refined'!$U$56:$Z$56) -> 664 | J16: ='Data- Refined'!E56 -> 4363 | K16: =J16/H16 -> 90.895833 | L16: =K16/$P$3 -> 4.5447917 | M16: 8 | O16: Total Licenses/hr | U16: {=TRANSPOSE(I13:I28)} -> 456 | V16: 456 | W16: 456 | X16: 664 | Y16: 715 | Z16: 715 | AA16: 521 | AB16: 430 | AC16: 456 | AD16: 456 | AE16: 481 | AF16: 299 | AG16: 521 | AH16: 558 | AI16: 208 | AJ16: 208
A17: ='Optimization Model'!B9 -> 9am to 10 am | B17: ='Optimization Model'!C9*' Metrics Calculation'!B$4 -> 32 | C17: ='Optimization Model'!D9*' Metrics Calculation'!C$4 -> 0 | D17: ='Optimization Model'!E9*' Metrics Calculation'!D$4 -> 0 | E17: ='Optimization Model'!F9*' Metrics Calculation'!E$4 -> 18 | F17: ='Optimization Model'!G9*' Metrics Calculation'!F$4 -> 0 | G17: ='Optimization Model'!H9*' Metrics Calculation'!G$4 -> 0 | H17: =SUM(B17:G17) -> 50 | I17: =SUMIF(B17:G17,">0",'Data- Refined'!$U$56:$Z$56) -> 715 | J17: ='Data- Refined'!F56 -> 4392 | K17: =J17/H17 -> 87.84 | L17: =K17/$P$3 -> 4.392 | M17: 9
A18: ='Optimization Model'!B10 -> 10 am to 11 am | B18: ='Optimization Model'!C10*' Metrics Calculation'!B$4 -> 0 | C18: ='Optimization Model'!D10*' Metrics Calculation'!C$4 -> 30 | D18: ='Optimization Model'!E10*' Metrics Calculation'!D$4 -> 0 | E18: ='Optimization Model'!F10*' Metrics Calculation'!E$4 -> 18 | F18: ='Optimization Model'!G10*' Metrics Calculation'!F$4 -> 0 | G18: ='Optimization Model'!H10*' Metrics Calculation'!G$4 -> 0 | H18: =SUM(B18:G18) -> 48 | I18: =SUMIF(B18:G18,">0",'Data- Refined'!$U$56:$Z$56) -> 715 | J18: ='Data- Refined'!G56 -> 4019 | K18: =J18/H18 -> 83.729167 | L18: =K18/$P$3 -> 4.1864583 | M18: 10
A19: ='Optimization Model'!B11 -> 11 am to 12 pm | B19: ='Optimization Model'!C11*' Metrics Calculation'!B$4 -> 0 | C19: ='Optimization Model'!D11*' Metrics Calculation'!C$4 -> 0 | D19: ='Optimization Model'!E11*' Metrics Calculation'!D$4 -> 20 | E19: ='Optimization Model'!F11*' Metrics Calculation'!E$4 -> 0 | F19: ='Optimization Model'!G11*' Metrics Calculation'!F$4 -> 16 | G19: ='Optimization Model'!H11*' Metrics Calculation'!G$4 -> 0 | H19: =SUM(B19:G19) -> 36 | I19: =SUMIF(B19:G19,">0",'Data- Refined'!$U$56:$Z$56) -> 521 | J19: ='Data- Refined'!H56 -> 3180 | K19: =J19/H19 -> 88.333333 | L19: =K19/$P$3 -> 4.4166667 | M19: 11
A20: ='Optimization Model'!B12 -> 12 pm to 1 pm | B20: ='Optimization Model'!C12*' Metrics Calculation'!B$4 -> 0 | C20: ='Optimization Model'!D12*' Metrics Calculation'!C$4 -> 0 | D20: ='Optimization Model'!E12*' Metrics Calculation'!D$4 -> 0 | E20: ='Optimization Model'!F12*' Metrics Calculation'!E$4 -> 0 | F20: ='Optimization Model'!G12*' Metrics Calculation'!F$4 -> 16 | G20: ='Optimization Model'!H12*' Metrics Calculation'!G$4 -> 18 | H20: =SUM(B20:G20) -> 34 | I20: =SUMIF(B20:G20,">0",'Data- Refined'!$U$56:$Z$56) -> 430 | J20: ='Data- Refined'!I56 -> 2636 | K20: =J20/H20 -> 77.529412 | L20: =K20/$P$3 -> 3.8764706 | M20: 12
A21: ='Optimization Model'!B13 -> 1pm to 2 pm | B21: ='Optimization Model'!C13*' Metrics Calculation'!B$4 -> 32 | C21: ='Optimization Model'!D13*' Metrics Calculation'!C$4 -> 0 | D21: ='Optimization Model'!E13*' Metrics Calculation'!D$4 -> 0 | E21: ='Optimization Model'!F13*' Metrics Calculation'!E$4 -> 0 | F21: ='Optimization Model'!G13*' Metrics Calculation'!F$4 -> 0 | G21: ='Optimization Model'!H13*' Metrics Calculation'!G$4 -> 0 | H21: =SUM(B21:G21) -> 32 | I21: =SUMIF(B21:G21,">0",'Data- Refined'!$U$56:$Z$56) -> 456 | J21: ='Data- Refined'!J56 -> 2399 | K21: =J21/H21 -> 74.96875 | L21: =K21/$P$3 -> 3.7484375 | M21: 13
A22: ='Optimization Model'!B14 -> 2 pm to 3 pm | B22: ='Optimization Model'!C14*' Metrics Calculation'!B$4 -> 0 | C22: ='Optimization Model'!D14*' Metrics Calculation'!C$4 -> 30 | D22: ='Optimization Model'!E14*' Metrics Calculation'!D$4 -> 0 | E22: ='Optimization Model'!F14*' Metrics Calculation'!E$4 -> 0 | F22: ='Optimization Model'!G14*' Metrics Calculation'!F$4 -> 0 | G22: ='Optimization Model'!H14*' Metrics Calculation'!G$4 -> 0 | H22: =SUM(B22:G22) -> 30 | I22: =SUMIF(B22:G22,">0",'Data- Refined'!$U$56:$Z$56) -> 456 | J22: ='Data- Refined'!K56 -> 1853 | K22: =J22/H22 -> 61.766667 | L22: =K22/$P$3 -> 3.0883333 | M22: 14
A23: ='Optimization Model'!B15 -> 3 pm to 4 pm | B23: ='Optimization Model'!C15*' Metrics Calculation'!B$4 -> 0 | C23: ='Optimization Model'!D15*' Metrics Calculation'!C$4 -> 0 | D23: ='Optimization Model'!E15*' Metrics Calculation'!D$4 -> 0 | E23: ='Optimization Model'!F15*' Metrics Calculation'!E$4 -> 18 | F23: ='Optimization Model'!G15*' Metrics Calculation'!F$4 -> 16 | G23: ='Optimization Model'!H15*' Metrics Calculation'!G$4 -> 0 | H23: =SUM(B23:G23) -> 34 | I23: =SUMIF(B23:G23,">0",'Data- Refined'!$U$56:$Z$56) -> 481 | J23: ='Data- Refined'!L56 -> 1879 | K23: =J23/H23 -> 55.264706 | L23: =K23/$P$3 -> 2.7632353 | M23: 15
A24: ='Optimization Model'!B16 -> 4 pm to 5 pm | B24: ='Optimization Model'!C16*' Metrics Calculation'!B$4 -> 0 | C24: ='Optimization Model'!D16*' Metrics Calculation'!C$4 -> 0 | D24: ='Optimization Model'!E16*' Metrics Calculation'!D$4 -> 20 | E24: ='Optimization Model'!F16*' Metrics Calculation'!E$4 -> 0 | F24: ='Optimization Model'!G16*' Metrics Calculation'!F$4 -> 0 | G24: ='Optimization Model'!H16*' Metrics Calculation'!G$4 -> 0 | H24: =SUM(B24:G24) -> 20 | I24: =SUMIF(B24:G24,">0",'Data- Refined'!$U$56:$Z$56) -> 299 | J24: ='Data- Refined'!M56 -> 1939 | K24: =J24/H24 -> 96.95 | L24: =K24/$P$3 -> 4.8475 | M24: 16
A25: ='Optimization Model'!B17 -> 5 pm to 6 pm | B25: ='Optimization Model'!C17*' Metrics Calculation'!B$4 -> 0 | C25: ='Optimization Model'!D17*' Metrics Calculation'!C$4 -> 0 | D25: ='Optimization Model'!E17*' Metrics Calculation'!D$4 -> 20 | E25: ='Optimization Model'!F17*' Metrics Calculation'!E$4 -> 0 | F25: ='Optimization Model'!G17*' Metrics Calculation'!F$4 -> 16 | G25: ='Optimization Model'!H17*' Metrics Calculation'!G$4 -> 0 | H25: =SUM(B25:G25) -> 36 | I25: =SUMIF(B25:G25,">0",'Data- Refined'!$U$56:$Z$56) -> 521 | J25: ='Data- Refined'!N56 -> 1938 | K25: =J25/H25 -> 53.833333 | L25: =K25/$P$3 -> 2.6916667 | M25: 17
A26: ='Optimization Model'!B18 -> 6 pm to 7 pm | B26: ='Optimization Model'!C18*' Metrics Calculation'!B$4 -> 0 | C26: ='Optimization Model'!D18*' Metrics Calculation'!C$4 -> 0 | D26: ='Optimization Model'!E18*' Metrics Calculation'!D$4 -> 20 | E26: ='Optimization Model'!F18*' Metrics Calculation'!E$4 -> 18 | F26: ='Optimization Model'!G18*' Metrics Calculation'!F$4 -> 0 | G26: ='Optimization Model'!H18*' Metrics Calculation'!G$4 -> 0 | H26: =SUM(B26:G26) -> 38 | I26: =SUMIF(B26:G26,">0",'Data- Refined'!$U$56:$Z$56) -> 558 | J26: ='Data- Refined'!O56 -> 1541 | K26: =J26/H26 -> 40.552632 | L26: =K26/$P$3 -> 2.0276316 | M26: 18
A27: ='Optimization Model'!B19 -> 7 pm to 8 pm | B27: ='Optimization Model'!C19*' Metrics Calculation'!B$4 -> 0 | C27: ='Optimization Model'!D19*' Metrics Calculation'!C$4 -> 0 | D27: ='Optimization Model'!E19*' Metrics Calculation'!D$4 -> 0 | E27: ='Optimization Model'!F19*' Metrics Calculation'!E$4 -> 0 | F27: ='Optimization Model'!G19*' Metrics Calculation'!F$4 -> 0 | G27: ='Optimization Model'!H19*' Metrics Calculation'!G$4 -> 18 | H27: =SUM(B27:G27) -> 18 | I27: =SUMIF(B27:G27,">0",'Data- Refined'!$U$56:$Z$56) -> 208 | J27: ='Data- Refined'!P56 -> 1298 | K27: =J27/H27 -> 72.111111 | L27: =K27/$P$3 -> 3.6055556 | M27: 19
A28: ='Optimization Model'!B20 -> 8 pm to 9 pm | B28: ='Optimization Model'!C20*' Metrics Calculation'!B$4 -> 0 | C28: ='Optimization Model'!D20*' Metrics Calculation'!C$4 -> 0 | D28: ='Optimization Model'!E20*' Metrics Calculation'!D$4 -> 0 | E28: ='Optimization Model'!F20*' Metrics Calculation'!E$4 -> 0 | F28: ='Optimization Model'!G20*' Metrics Calculation'!F$4 -> 0 | G28: ='Optimization Model'!H20*' Metrics Calculation'!G$4 -> 18 | H28: =SUM(B28:G28) -> 18 | I28: =SUMIF(B28:G28,">0",'Data- Refined'!$U$56:$Z$56) -> 208 | J28: ='Data- Refined'!Q56 -> 592 | K28: =J28/H28 -> 32.888889 | L28: =K28/$P$3 -> 1.6444444 | M28: 20
A30: 12 am to 1 am
A31: 1 am to 2 am
A32: 2 am to 3 am
A33: 3am to 4 am
A34: 4 am to 5 am

Sheet Support Calculation
J1: ='Data- Refined'!B3 -> 5 am to 6 am | S1: ='Data- Refined'!C3 -> 6am to 7am | AB1: ='Data- Refined'!D3 -> 7 am to 8 am | AK1: ='Data- Refined'!E3 -> 8 am to 9 am | AT1: ='Data- Refined'!F3 -> 9am to 10 am | BC1: ='Data- Refined'!G3 -> 10 am to 11 am | BL1: ='Data- Refined'!H3 -> 11 am to 12 pm | BU1: ='Data- Refined'!I3 -> 12 pm to 1 pm | CD1: ='Data- Refined'!J3 -> 1pm to 2 pm | CM1: ='Data- Refined'!K3 -> 2 pm to 3 pm | CV1: ='Data- Refined'!L3 -> 3 pm to 4 pm | DE1: ='Data- Refined'!M3 -> 4 pm to 5 pm | DN1: ='Data- Refined'!N3 -> 5 pm to 6 pm | DW1: ='Data- Refined'!O3 -> 6 pm to 7 pm | EF1: ='Data- Refined'!P3 -> 7 pm to 8 pm | EO1: ='Data- Refined'!Q3 -> 8 pm to 9 pm
C2: East | E2: West | K2: East | M2: West | Q2: Total Licenses | T2: East | V2: West | Z2: Total Licenses | AC2: East | AE2: West | AI2: Total Licenses | AL2: East | AN2: West | AR2: Total Licenses | AU2: East | AW2: West | BA2: Total Licenses | BC2: East | BF2: West | BJ2: Total Licenses | BL2: East | BO2: West | BS2: Total Licenses | BU2: East | BX2: West | CB2: Total Licenses | CD2: East | CG2: West | CK2: Total Licenses | CM2: East | CP2: West | CT2: Total Licenses | CV2: East | CY2: West | DC2: Total Licenses | DE2: East | DH2: West | DL2: Total Licenses | DN2: East | DQ2: West | DU2: Total Licenses | DW2: East | DZ2: West | ED2: Total Licenses | EF2: East | EI2: West | EM2: Total Licenses | EO2: East | ER2: West | EV2: Total Licenses
B3: State License | C3: Team Howard | D3: Team Smithers | E3: Elite | F3: Franchise | G3: Market Makers | H3: The Commissioners | J3: State License | K3: Team Howard | L3: Team Smithers | M3: Elite | N3: Franchise | O3: Market Makers | P3: The Commissioners | S3: State License | T3: Team Howard | U3: Team Smithers | V3: Elite | W3: Franchise | X3: Market Makers | Y3: The Commissioners | AB3: State License | AC3: Team Howard | AD3: Team Smithers | AE3: Elite | AF3: Franchise | AG3: Market Makers | AH3: The Commissioners | AK3: State License | AL3: Team Howard | AM3: Team Smithers | AN3: Elite | AO3: Franchise | AP3: Market Makers | AQ3: The Commissioners | AT3: State License | AU3: Team Howard | AV3: Team Smithers | AW3: Elite | AX3: Franchise | AY3: Market Makers | AZ3: The Commissioners | BC3: State License | BD3: Team Howard | BE3: Team Smithers | BF3: Elite | BG3: Franchise | BH3: Market Makers | BI3: The Commissioners | BL3: State License | BM3: Team Howard | BN3: Team Smithers | BO3: Elite | BP3: Franchise | BQ3: Market Makers | BR3: The Commissioners | BU3: State License | BV3: Team Howard | BW3: Team Smithers | BX3: Elite | BY3: Franchise | BZ3: Market Makers | CA3: The Commissioners | CD3: State License | CE3: Team Howard | CF3: Team Smithers | CG3: Elite | CH3: Franchise | CI3: Market Makers | CJ3: The Commissioners | CM3: State License | CN3: Team Howard | CO3: Team Smithers | CP3: Elite | CQ3: Franchise | CR3: Market Makers | CS3: The Commissioners | CV3: State License | CW3: Team Howard | CX3: Team Smithers | CY3: Elite | CZ3: Franchise | DA3: Market Makers | DB3: The Commissioners | DE3: State License | DF3: Team Howard | DG3: Team Smithers | DH3: Elite | DI3: Franchise | DJ3: Market Makers | DK3: The Commissioners | DN3: State License | DO3: Team Howard | DP3: Team Smithers | DQ3: Elite | DR3: Franchise | DS3: Market Makers | DT3: The Commissioners | DW3: State License | DX3: Team Howard | DY3: Team Smithers | DZ3: Elite | EA3: Franchise | EB3: Market Makers | EC3: The Commissioners | EF3: State License | EG3: Team Howard | EH3: Team Smithers | EI3: Elite | EJ3: Franchise | EK3: Market Makers | EL3: The Commissioners | EO3: State License | EP3: Team Howard | EQ3: Team Smithers | ER3: Elite | ES3: Franchise | ET3: Market Makers | EU3: The Commissioners
B4: AK | C4: ='Data- Refined'!U4 -> 4 | D4: ='Data- Refined'!V4 -> 4 | E4: ='Data- Refined'!W4 -> 2 | F4: ='Data- Refined'!X4 -> 2 | G4: ='Data- Refined'!Y4 -> 2 | H4: ='Data- Refined'!Z4 -> 0 | J4: AK | K4: =C4*'Optimization Model'!C$5 -> 4 | L4: =D4*'Optimization Model'!D$5 -> 0 | M4: =E4*'Optimization Model'!E$5 -> 0 | N4: =F4*'Optimization Model'!F$5 -> 0 | O4: =G4*'Optimization Model'!G$5 -> 0 | P4: =H4*'Optimization Model'!H$5 -> 0 | Q4: =SUM(K4:P4) -> 4 | S4: AK | T4: =C4*'Optimization Model'!C$6 -> 0 | U4: =D4*'Optimization Model'!D$6 -> 4 | V4: =E4*'Optimization Model'!E$6 -> 0 | W4: =F4*'Optimization Model'!F$6 -> 0 | X4: =G4*'Optimization Model'!G$6 -> 0 | Y4: =H4*'Optimization Model'!H$6 -> 0 | Z4: =SUM(T4:Y4) -> 4 | AB4: AK | AC4: =C4*'Optimization Model'!C$7 -> 4 | AD4: =D4*'Optimization Model'!D$7 -> 0 | AE4: =E4*'Optimization Model'!E$7 -> 0 | AF4: =F4*'Optimization Model'!F$7 -> 0 | AG4: =G4*'Optimization Model'!G$7 -> 0 | AH4: =H4*'Optimization Model'!H$7 -> 0 | AI4: =SUM(AC4:AH4) -> 4 | AK4: AK | AL4: =C4*'Optimization Model'!C$8 -> 0 | AM4: =D4*'Optimization Model'!D$8 -> 4 | AN4: =E4*'Optimization Model'!E$8 -> 0 | AO4: =F4*'Optimization Model'!F$8 -> 0 | AP4: =G4*'Optimization Model'!G$8 -> 0 | AQ4: =H4*'Optimization Model'!H$8 -> 0 | AR4: =SUM(AL4:AQ4) -> 4 | AT4: AK | AU4: =C4*'Optimization Model'!C$9 -> 4 | AV4: =D4*'Optimization Model'!D$9 -> 0 | AW4: =E4*'Optimization Model'!E$9 -> 0 | AX4: =F4*'Optimization Model'!F$9 -> 2 | AY4: =G4*'Optimization Model'!G$9 -> 0 | AZ4: =H4*'Optimization Model'!H$9 -> 0 | BA4: =SUM(AU4:AZ4) -> 6 | BC4: AK | BD4: =C4*'Optimization Model'!C$10 -> 0 | BE4: =D4*'Optimization Model'!D$10 -> 4 | BF4: =E4*'Optimization Model'!E$10 -> 0 | BG4: =F4*'Optimization Model'!F$10 -> 2 | BH4: =G4*'Optimization Model'!G$10 -> 0 | BI4: =H4*'Optimization Model'!H$10 -> 0 | BJ4: =SUM(BD4:BI4) -> 6 | BL4: AK | BM4: =C4*'Optimization Model'!C$11 -> 0 | BN4: =D4*'Optimization Model'!D$11 -> 0 | BO4: =E4*'Optimization Model'!E$11 -> 2 | BP4: =F4*'Optimization Model'!F$11 -> 0 | BQ4: =G4*'Optimization Model'!G$11 -> 2 | BR4: =H4*'Optimization Model'!H$11 -> 0 | BS4: =SUM(BM4:BR4) -> 4 | BU4: AK | BV4: =C4*'Optimization Model'!C$12 -> 0 | BW4: =D4*'Optimization Model'!D$12 -> 0 | BX4: =E4*'Optimization Model'!E$12 -> 0 | BY4: =F4*'Optimization Model'!F$12 -> 0 | BZ4: =G4*'Optimization Model'!G$12 -> 2 | CA4: =H4*'Optimization Model'!H$12 -> 0 | CB4: =SUM(BV4:CA4) -> 2 | CD4: AK | CE4: =C4*'Optimization Model'!C$13 -> 4 | CF4: =D4*'Optimization Model'!D$13 -> 0 | CG4: =E4*'Optimization Model'!E$13 -> 0 | CH4: =F4*'Optimization Model'!F$13 -> 0 | CI4: =G4*'Optimization Model'!G$13 -> 0 | CJ4: =H4*'Optimization Model'!H$13 -> 0 | CK4: =SUM(CE4:CJ4) -> 4 | CM4: AK | CN4: =C4*'Optimization Model'!C$14 -> 0 | CO4: =D4*'Optimization Model'!D$14 -> 4 | CP4: =E4*'Optimization Model'!E$14 -> 0 | CQ4: =F4*'Optimization Model'!F$14 -> 0 | CR4: =G4*'Optimization Model'!G$14 -> 0 | CS4: =H4*'Optimization Model'!H$14 -> 0 | CT4: =SUM(CN4:CS4) -> 4 | CV4: AK | CW4: =C4*'Optimization Model'!C$15 -> 0 | CX4: =D4*'Optimization Model'!D$15 -> 0 | CY4: =E4*'Optimization Model'!E$15 -> 0 | CZ4: =F4*'Optimization Model'!F$15 -> 2 | DA4: =G4*'Optimization Model'!G$15 -> 2 | DB4: =H4*'Optimization Model'!H$15 -> 0 | DC4: =SUM(CW4:DB4) -> 4 | DE4: AK | DF4: =C4*'Optimization Model'!C$16 -> 0 | DG4: =D4*'Optimization Model'!D$16 -> 0 | DH4: =E4*'Optimization Model'!E$16 -> 2 | DI4: =F4*'Optimization Model'!F$16 -> 0 | DJ4: =G4*'Optimization Model'!G$16 -> 0 | DK4: =H4*'Optimization Model'!H$16 -> 0 | DL4: =SUM(DF4:DK4) -> 2 | DN4: AK | DO4: =C4*'Optimization Model'!C$17 -> 0 | DP4: =D4*'Optimization Model'!D$17 -> 0 | DQ4: =E4*'Optimization Model'!E$17 -> 2 | DR4: =F4*'Optimization Model'!F$17 -> 0 | DS4: =G4*'Optimization Model'!G$17 -> 2 | DT4: =H4*'Optimization Model'!H$17 -> 0 | DU4: =SUM(DO4:DT4) -> 4 | DW4: AK | DX4: =C4*'Optimization Model'!C$18 -> 0 | DY4: =D4*'Optimization Model'!D$18 -> 0 | DZ4: =E4*'Optimization Model'!E$18 -> 2 | EA4: =F4*'Optimization Model'!F$18 -> 2 | EB4: =G4*'Optimization Model'!G$18 -> 0 | EC4: =H4*'Optimization Model'!H$18 -> 0 | ED4: =SUM(DX4:EC4) -> 4 | EF4: AK | EG4: =C4*'Optimization Model'!C$19 -> 0 | EH4: =D4*'Optimization Model'!D$19 -> 0 | EI4: =E4*'Optimization Model'!E$19 -> 0 | EJ4: =F4*'Optimization Model'!F$19 -> 0 | EK4: =G4*'Optimization Model'!G$19 -> 0 | EL4: =H4*'Optimization Model'!H$19 -> 0 | EM4: =SUM(EG4:EL4) -> 0 | EO4: AK | EP4: =C4*'Optimization Model'!C$20 -> 0 | EQ4: =D4*'Optimization Model'!D$20 -> 0 | ER4: =E4*'Optimization Model'!E$20 -> 0 | ES4: =F4*'Optimization Model'!F$20 -> 0 | ET4: =G4*'Optimization Model'!G$20 -> 0 | EU4: =H4*'Optimization Model'!H$20 -> 0 | EV4: =SUM(EP4:EU4) -> 0
B5: AL | C5: ='Data- Refined'!U5 -> 10 | D5: ='Data- Refined'!V5 -> 9 | E5: ='Data- Refined'!W5 -> 6 | F5: ='Data- Refined'!X5 -> 2 | G5: ='Data- Refined'!Y5 -> 4 | H5: ='Data- Refined'!Z5 -> 6 | J5: AL | K5: =C5*'Optimization Model'!C$5 -> 10 | L5: =D5*'Optimization Model'!D$5 -> 0 | M5: =E5*'Optimization Model'!E$5 -> 0 | N5: =F5*'Optimization Model'!F$5 -> 0 | O5: =G5*'Optimization Model'!G$5 -> 0 | P5: =H5*'Optimization Model'!H$5 -> 0 | Q5: =SUM(K5:P5) -> 10 | S5: AL | T5: =C5*'Optimization Model'!C$6 -> 0 | U5: =D5*'Optimization Model'!D$6 -> 9 | V5: =E5*'Optimization Model'!E$6 -> 0 | W5: =F5*'Optimization Model'!F$6 -> 0 | X5: =G5*'Optimization Model'!G$6 -> 0 | Y5: =H5*'Optimization Model'!H$6 -> 0 | Z5: =SUM(T5:Y5) -> 9 | AB5: AL | AC5: =C5*'Optimization Model'!C$7 -> 10 | AD5: =D5*'Optimization Model'!D$7 -> 0 | AE5: =E5*'Optimization Model'!E$7 -> 0 | AF5: =F5*'Optimization Model'!F$7 -> 0 | AG5: =G5*'Optimization Model'!G$7 -> 0 | AH5: =H5*'Optimization Model'!H$7 -> 0 | AI5: =SUM(AC5:AH5) -> 10 | AK5: AL | AL5: =C5*'Optimization Model'!C$8 -> 0 | AM5: =D5*'Optimization Model'!D$8 -> 9 | AN5: =E5*'Optimization Model'!E$8 -> 0 | AO5: =F5*'Optimization Model'!F$8 -> 0 | AP5: =G5*'Optimization Model'!G$8 -> 0 | AQ5: =H5*'Optimization Model'!H$8 -> 6 | AR5: =SUM(AL5:AQ5) -> 15 | AT5: AL | AU5: =C5*'Optimization Model'!C$9 -> 10 | AV5: =D5*'Optimization Model'!D$9 -> 0 | AW5: =E5*'Optimization Model'!E$9 -> 0 | AX5: =F5*'Optimization Model'!F$9 -> 2 | AY5: =G5*'Optimization Model'!G$9 -> 0 | AZ5: =H5*'Optimization Model'!H$9 -> 0 | BA5: =SUM(AU5:AZ5) -> 12 | BC5: AL | BD5: =C5*'Optimization Model'!C$10 -> 0 | BE5: =D5*'Optimization Model'!D$10 -> 9 | BF5: =E5*'Optimization Model'!E$10 -> 0 | BG5: =F5*'Optimization Model'!F$10 -> 2 | BH5: =G5*'Optimization Model'!G$10 -> 0 | BI5: =H5*'Optimization Model'!H$10 -> 0 | BJ5: =SUM(BD5:BI5) -> 11 | BL5: AL | BM5: =C5*'Optimization Model'!C$11 -> 0 | BN5: =D5*'Optimization Model'!D$11 -> 0 | BO5: =E5*'Optimization Model'!E$11 -> 6 | BP5: =F5*'Optimization Model'!F$11 -> 0 | BQ5: =G5*'Optimization Model'!G$11 -> 4 | BR5: =H5*'Optimization Model'!H$11 -> 0 | BS5: =SUM(BM5:BR5) -> 10 | BU5: AL | BV5: =C5*'Optimization Model'!C$12 -> 0 | BW5: =D5*'Optimization Model'!D$12 -> 0 | BX5: =E5*'Optimization Model'!E$12 -> 0 | BY5: =F5*'Optimization Model'!F$12 -> 0 | BZ5: =G5*'Optimization Model'!G$12 -> 4 | CA5: =H5*'Optimization Model'!H$12 -> 6 | CB5: =SUM(BV5:CA5) -> 10 | CD5: AL | CE5: =C5*'Optimization Model'!C$13 -> 10 | CF5: =D5*'Optimization Model'!D$13 -> 0 | CG5: =E5*'Optimization Model'!E$13 -> 0 | CH5: =F5*'Optimization Model'!F$13 -> 0 | CI5: =G5*'Optimization Model'!G$13 -> 0 | CJ5: =H5*'Optimization Model'!H$13 -> 0 | CK5: =SUM(CE5:CJ5) -> 10 | CM5: AL | CN5: =C5*'Optimization Model'!C$14 -> 0 | CO5: =D5*'Optimization Model'!D$14 -> 9 | CP5: =E5*'Optimization Model'!E$14 -> 0 | CQ5: =F5*'Optimization Model'!F$14 -> 0 | CR5: =G5*'Optimization Model'!G$14 -> 0 | CS5: =H5*'Optimization Model'!H$14 -> 0 | CT5: =SUM(CN5:CS5) -> 9 | CV5: AL | CW5: =C5*'Optimization Model'!C$15 -> 0 | CX5: =D5*'Optimization Model'!D$15 -> 0 | CY5: =E5*'Optimization Model'!E$15 -> 0 | CZ5: =F5*'Optimization Model'!F$15 -> 2 | DA5: =G5*'Optimization Model'!G$15 -> 4 | DB5: =H5*'Optimization Model'!H$15 -> 0 | DC5: =SUM(CW5:DB5) -> 6 | DE5: AL | DF5: =C5*'Optimization Model'!C$16 -> 0 | DG5: =D5*'Optimization Model'!D$16 -> 0 | DH5: =E5*'Optimization Model'!E$16 -> 6 | DI5: =F5*'Optimization Model'!F$16 -> 0 | DJ5: =G5*'Optimization Model'!G$16 -> 0 | DK5: =H5*'Optimization Model'!H$16 -> 0 | DL5: =SUM(DF5:DK5) -> 6 | DN5: AL | DO5: =C5*'Optimization Model'!C$17 -> 0 | DP5: =D5*'Optimization Model'!D$17 -> 0 | DQ5: =E5*'Optimization Model'!E$17 -> 6 | DR5: =F5*'Optimization Model'!F$17 -> 0 | DS5: =G5*'Optimization Model'!G$17 -> 4 | DT5: =H5*'Optimization Model'!H$17 -> 0 | DU5: =SUM(DO5:DT5) -> 10 | DW5: AL | DX5: =C5*'Optimization Model'!C$18 -> 0 | DY5: =D5*'Optimization Model'!D$18 -> 0 | DZ5: =E5*'Optimization Model'!E$18 -> 6 | EA5: =F5*'Optimization Model'!F$18 -> 2 | EB5: =G5*'Optimization Model'!G$18 -> 0 | EC5: =H5*'Optimization Model'!H$18 -> 0 | ED5: =SUM(DX5:EC5) -> 8 | EF5: AL | EG5: =C5*'Optimization Model'!C$19 -> 0 | EH5: =D5*'Optimization Model'!D$19 -> 0 | EI5: =E5*'Optimization Model'!E$19 -> 0 | EJ5: =F5*'Optimization Model'!F$19 -> 0 | EK5: =G5*'Optimization Model'!G$19 -> 0 | EL5: =H5*'Optimization Model'!H$19 -> 6 | EM5: =SUM(EG5:EL5) -> 6 | EO5: AL | EP5: =C5*'Optimization Model'!C$20 -> 0 | EQ5: =D5*'Optimization Model'!D$20 -> 0 | ER5: =E5*'Optimization Model'!E$20 -> 0 | ES5: =F5*'Optimization Model'!F$20 -> 0 | ET5: =G5*'Optimization Model'!G$20 -> 0 | EU5: =H5*'Optimization Model'!H$20 -> 6 | EV5: =SUM(EP5:EU5) -> 6
B6: AR | C6: ='Data- Refined'!U6 -> 5 | D6: ='Data- Refined'!V6 -> 7 | E6: ='Data- Refined'!W6 -> 2 | F6: ='Data- Refined'!X6 -> 0 | G6: ='Data- Refined'!Y6 -> 1 | H6: ='Data- Refined'!Z6 -> 0 | J6: AR | K6: =C6*'Optimization Model'!C$5 -> 5 | L6: =D6*'Optimization Model'!D$5 -> 0 | M6: =E6*'Optimization Model'!E$5 -> 0 | N6: =F6*'Optimization Model'!F$5 -> 0 | O6: =G6*'Optimization Model'!G$5 -> 0 | P6: =H6*'Optimization Model'!H$5 -> 0 | Q6: =SUM(K6:P6) -> 5 | S6: AR | T6: =C6*'Optimization Model'!C$6 -> 0 | U6: =D6*'Optimization Model'!D$6 -> 7 | V6: =E6*'Optimization Model'!E$6 -> 0 | W6: =F6*'Optimization Model'!F$6 -> 0 | X6: =G6*'Optimization Model'!G$6 -> 0 | Y6: =H6*'Optimization Model'!H$6 -> 0 | Z6: =SUM(T6:Y6) -> 7 | AB6: AR | AC6: =C6*'Optimization Model'!C$7 -> 5 | AD6: =D6*'Optimization Model'!D$7 -> 0 | AE6: =E6*'Optimization Model'!E$7 -> 0 | AF6: =F6*'Optimization Model'!F$7 -> 0 | AG6: =G6*'Optimization Model'!G$7 -> 0 | AH6: =H6*'Optimization Model'!H$7 -> 0 | AI6: =SUM(AC6:AH6) -> 5 | AK6: AR | AL6: =C6*'Optimization Model'!C$8 -> 0 | AM6: =D6*'Optimization Model'!D$8 -> 7 | AN6: =E6*'Optimization Model'!E$8 -> 0 | AO6: =F6*'Optimization Model'!F$8 -> 0 | AP6: =G6*'Optimization Model'!G$8 -> 0 | AQ6: =H6*'Optimization Model'!H$8 -> 0 | AR6: =SUM(AL6:AQ6) -> 7 | AT6: AR | AU6: =C6*'Optimization Model'!C$9 -> 5 | AV6: =D6*'Optimization Model'!D$9 -> 0 | AW6: =E6*'Optimization Model'!E$9 -> 0 | AX6: =F6*'Optimization Model'!F$9 -> 0 | AY6: =G6*'Optimization Model'!G$9 -> 0 | AZ6: =H6*'Optimization Model'!H$9 -> 0 | BA6: =SUM(AU6:AZ6) -> 5 | BC6: AR | BD6: =C6*'Optimization Model'!C$10 -> 0 | BE6: =D6*'Optimization Model'!D$10 -> 7 | BF6: =E6*'Optimization Model'!E$10 -> 0 | BG6: =F6*'Optimization Model'!F$10 -> 0 | BH6: =G6*'Optimization Model'!G$10 -> 0 | BI6: =H6*'Optimization Model'!H$10 -> 0 | BJ6: =SUM(BD6:BI6) -> 7 | BL6: AR | BM6: =C6*'Optimization Model'!C$11 -> 0 | BN6: =D6*'Optimization Model'!D$11 -> 0 | BO6: =E6*'Optimization Model'!E$11 -> 2 | BP6: =F6*'Optimization Model'!F$11 -> 0 | BQ6: =G6*'Optimization Model'!G$11 -> 1 | BR6: =H6*'Optimization Model'!H$11 -> 0 | BS6: =SUM(BM6:BR6) -> 3 | BU6: AR | BV6: =C6*'Optimization Model'!C$12 -> 0 | BW6: =D6*'Optimization Model'!D$12 -> 0 | BX6: =E6*'Optimization Model'!E$12 -> 0 | BY6: =F6*'Optimization Model'!F$12 -> 0 | BZ6: =G6*'Optimization Model'!G$12 -> 1 | CA6: =H6*'Optimization Model'!H$12 -> 0 | CB6: =SUM(BV6:CA6) -> 1 | CD6: AR | CE6: =C6*'Optimization Model'!C$13 -> 5 | CF6: =D6*'Optimization Model'!D$13 -> 0 | CG6: =E6*'Optimization Model'!E$13 -> 0 | CH6: =F6*'Optimization Model'!F$13 -> 0 | CI6: =G6*'Optimization Model'!G$13 -> 0 | CJ6: =H6*'Optimization Model'!H$13 -> 0 | CK6: =SUM(CE6:CJ6) -> 5 | CM6: AR | CN6: =C6*'Optimization Model'!C$14 -> 0 | CO6: =D6*'Optimization Model'!D$14 -> 7 | CP6: =E6*'Optimization Model'!E$14 -> 0 | CQ6: =F6*'Optimization Model'!F$14 -> 0 | CR6: =G6*'Optimization Model'!G$14 -> 0 | CS6: =H6*'Optimization Model'!H$14 -> 0 | CT6: =SUM(CN6:CS6) -> 7 | CV6: AR | CW6: =C6*'Optimization Model'!C$15 -> 0 | CX6: =D6*'Optimization Model'!D$15 -> 0 | CY6: =E6*'Optimization Model'!E$15 -> 0 | CZ6: =F6*'Optimization Model'!F$15 -> 0 | DA6: =G6*'Optimization Model'!G$15 -> 1 | DB6: =H6*'Optimization Model'!H$15 -> 0 | DC6: =SUM(CW6:DB6) -> 1 | DE6: AR | DF6: =C6*'Optimization Model'!C$16 -> 0 | DG6: =D6*'Optimization Model'!D$16 -> 0 | DH6: =E6*'Optimization Model'!E$16 -> 2 | DI6: =F6*'Optimization Model'!F$16 -> 0 | DJ6: =G6*'Optimization Model'!G$16 -> 0 | DK6: =H6*'Optimization Model'!H$16 -> 0 | DL6: =SUM(DF6:DK6) -> 2 | DN6: AR | DO6: =C6*'Optimization Model'!C$17 -> 0 | DP6: =D6*'Optimization Model'!D$17 -> 0 | DQ6: =E6*'Optimization Model'!E$17 -> 2 | DR6: =F6*'Optimization Model'!F$17 -> 0 | DS6: =G6*'Optimization Model'!G$17 -> 1 | DT6: =H6*'Optimization Model'!H$17 -> 0 | DU6: =SUM(DO6:DT6) -> 3 | DW6: AR | DX6: =C6*'Optimization Model'!C$18 -> 0 | DY6: =D6*'Optimization Model'!D$18 -> 0 | DZ6: =E6*'Optimization Model'!E$18 -> 2 | EA6: =F6*'Optimization Model'!F$18 -> 0 | EB6: =G6*'Optimization Model'!G$18 -> 0 | EC6: =H6*'Optimization Model'!H$18 -> 0 | ED6: =SUM(DX6:EC6) -> 2 | EF6: AR | EG6: =C6*'Optimization Model'!C$19 -> 0 | EH6: =D6*'Optimization Model'!D$19 -> 0 | EI6: =E6*'Optimization Model'!E$19 -> 0 | EJ6: =F6*'Optimization Model'!F$19 -> 0 | EK6: =G6*'Optimization Model'!G$19 -> 0 | EL6: =H6*'Optimization Model'!H$19 -> 0 | EM6: =SUM(EG6:EL6) -> 0 | EO6: AR | EP6: =C6*'Optimization Model'!C$20 -> 0 | EQ6: =D6*'Optimization Model'!D$20 -> 0 | ER6: =E6*'Optimization Model'!E$20 -> 0 | ES6: =F6*'Optimization Model'!F$20 -> 0 | ET6: =G6*'Optimization Model'!G$20 -> 0 | EU6: =H6*'Optimization Model'!H$20 -> 0 | EV6: =SUM(EP6:EU6) -> 0
B7: AZ | C7: ='Data- Refined'!U7 -> 6 | D7: ='Data- Refined'!V7 -> 7 | E7: ='Data- Refined'!W7 -> 5 | F7: ='Data- Refined'!X7 -> 8 | G7: ='Data- Refined'!Y7 -> 3 | H7: ='Data- Refined'!Z7 -> 4 | J7: AZ | K7: =C7*'Optimization Model'!C$5 -> 6 | L7: =D7*'Optimization Model'!D$5 -> 0 | M7: =E7*'Optimization Model'!E$5 -> 0 | N7: =F7*'Optimization Model'!F$5 -> 0 | O7: =G7*'Optimization Model'!G$5 -> 0 | P7: =H7*'Optimization Model'!H$5 -> 0 | Q7: =SUM(K7:P7) -> 6 | S7: AZ | T7: =C7*'Optimization Model'!C$6 -> 0 | U7: =D7*'Optimization Model'!D$6 -> 7 | V7: =E7*'Optimization Model'!E$6 -> 0 | W7: =F7*'Optimization Model'!F$6 -> 0 | X7: =G7*'Optimization Model'!G$6 -> 0 | Y7: =H7*'Optimization Model'!H$6 -> 0 | Z7: =SUM(T7:Y7) -> 7 | AB7: AZ | AC7: =C7*'Optimization Model'!C$7 -> 6 | AD7: =D7*'Optimization Model'!D$7 -> 0 | AE7: =E7*'Optimization Model'!E$7 -> 0 | AF7: =F7*'Optimization Model'!F$7 -> 0 | AG7: =G7*'Optimization Model'!G$7 -> 0 | AH7: =H7*'Optimization Model'!H$7 -> 0 | AI7: =SUM(AC7:AH7) -> 6 | AK7: AZ | AL7: =C7*'Optimization Model'!C$8 -> 0 | AM7: =D7*'Optimization Model'!D$8 -> 7 | AN7: =E7*'Optimization Model'!E$8 -> 0 | AO7: =F7*'Optimization Model'!F$8 -> 0 | AP7: =G7*'Optimization Model'!G$8 -> 0 | AQ7: =H7*'Optimization Model'!H$8 -> 4 | AR7: =SUM(AL7:AQ7) -> 11 | AT7: AZ | AU7: =C7*'Optimization Model'!C$9 -> 6 | AV7: =D7*'Optimization Model'!D$9 -> 0 | AW7: =E7*'Optimization Model'!E$9 -> 0 | AX7: =F7*'Optimization Model'!F$9 -> 8 | AY7: =G7*'Optimization Model'!G$9 -> 0 | AZ7: =H7*'Optimization Model'!H$9 -> 0 | BA7: =SUM(AU7:AZ7) -> 14 | BC7: AZ | BD7: =C7*'Optimization Model'!C$10 -> 0 | BE7: =D7*'Optimization Model'!D$10 -> 7 | BF7: =E7*'Optimization Model'!E$10 -> 0 | BG7: =F7*'Optimization Model'!F$10 -> 8 | BH7: =G7*'Optimization Model'!G$10 -> 0 | BI7: =H7*'Optimization Model'!H$10 -> 0 | BJ7: =SUM(BD7:BI7) -> 15 | BL7: AZ | BM7: =C7*'Optimization Model'!C$11 -> 0 | BN7: =D7*'Optimization Model'!D$11 -> 0 | BO7: =E7*'Optimization Model'!E$11 -> 5 | BP7: =F7*'Optimization Model'!F$11 -> 0 | BQ7: =G7*'Optimization Model'!G$11 -> 3 | BR7: =H7*'Optimization Model'!H$11 -> 0 | BS7: =SUM(BM7:BR7) -> 8 | BU7: AZ | BV7: =C7*'Optimization Model'!C$12 -> 0 | BW7: =D7*'Optimization Model'!D$12 -> 0 | BX7: =E7*'Optimization Model'!E$12 -> 0 | BY7: =F7*'Optimization Model'!F$12 -> 0 | BZ7: =G7*'Optimization Model'!G$12 -> 3 | CA7: =H7*'Optimization Model'!H$12 -> 4 | CB7: =SUM(BV7:CA7) -> 7 | CD7: AZ | CE7: =C7*'Optimization Model'!C$13 -> 6 | CF7: =D7*'Optimization Model'!D$13 -> 0 | CG7: =E7*'Optimization Model'!E$13 -> 0 | CH7: =F7*'Optimization Model'!F$13 -> 0 | CI7: =G7*'Optimization Model'!G$13 -> 0 | CJ7: =H7*'Optimization Model'!H$13 -> 0 | CK7: =SUM(CE7:CJ7) -> 6 | CM7: AZ | CN7: =C7*'Optimization Model'!C$14 -> 0 | CO7: =D7*'Optimization Model'!D$14 -> 7 | CP7: =E7*'Optimization Model'!E$14 -> 0 | CQ7: =F7*'Optimization Model'!F$14 -> 0 | CR7: =G7*'Optimization Model'!G$14 -> 0 | CS7: =H7*'Optimization Model'!H$14 -> 0 | CT7: =SUM(CN7:CS7) -> 7 | CV7: AZ | CW7: =C7*'Optimization Model'!C$15 -> 0 | CX7: =D7*'Optimization Model'!D$15 -> 0 | CY7: =E7*'Optimization Model'!E$15 -> 0 | CZ7: =F7*'Optimization Model'!F$15 -> 8 | DA7: =G7*'Optimization Model'!G$15 -> 3 | DB7: =H7*'Optimization Model'!H$15 -> 0 | DC7: =SUM(CW7:DB7) -> 11 | DE7: AZ | DF7: =C7*'Optimization Model'!C$16 -> 0 | DG7: =D7*'Optimization Model'!D$16 -> 0 | DH7: =E7*'Optimization Model'!E$16 -> 5 | DI7: =F7*'Optimization Model'!F$16 -> 0 | DJ7: =G7*'Optimization Model'!G$16 -> 0 | DK7: =H7*'Optimization Model'!H$16 -> 0 | DL7: =SUM(DF7:DK7) -> 5 | DN7: AZ | DO7: =C7*'Optimization Model'!C$17 -> 0 | DP7: =D7*'Optimization Model'!D$17 -> 0 | DQ7: =E7*'Optimization Model'!E$17 -> 5 | DR7: =F7*'Optimization Model'!F$17 -> 0 | DS7: =G7*'Optimization Model'!G$17 -> 3 | DT7: =H7*'Optimization Model'!H$17 -> 0 | DU7: =SUM(DO7:DT7) -> 8 | DW7: AZ | DX7: =C7*'Optimization Model'!C$18 -> 0 | DY7: =D7*'Optimization Model'!D$18 -> 0 | DZ7: =E7*'Optimization Model'!E$18 -> 5 | EA7: =F7*'Optimization Model'!F$18 -> 8 | EB7: =G7*'Optimization Model'!G$18 -> 0 | EC7: =H7*'Optimization Model'!H$18 -> 0 | ED7: =SUM(DX7:EC7) -> 13 | EF7: AZ | EG7: =C7*'Optimization Model'!C$19 -> 0 | EH7: =D7*'Optimization Model'!D$19 -> 0 | EI7: =E7*'Optimization Model'!E$19 -> 0 | EJ7: =F7*'Optimization Model'!F$19 -> 0 | EK7: =G7*'Optimization Model'!G$19 -> 0 | EL7: =H7*'Optimization Model'!H$19 -> 4 | EM7: =SUM(EG7:EL7) -> 4 | EO7: AZ | EP7: =C7*'Optimization Model'!C$20 -> 0 | EQ7: =D7*'Optimization Model'!D$20 -> 0 | ER7: =E7*'Optimization Model'!E$20 -> 0 | ES7: =F7*'Optimization Model'!F$20 -> 0 | ET7: =G7*'Optimization Model'!G$20 -> 0 | EU7: =H7*'Optimization Model'!H$20 -> 4 | EV7: =SUM(EP7:EU7) -> 4
B8: CA | C8: ='Data- Refined'!U8 -> 28 | D8: ='Data- Refined'!V8 -> 27 | E8: ='Data- Refined'!W8 -> 20 | F8: ='Data- Refined'!X8 -> 18 | G8: ='Data- Refined'!Y8 -> 16 | H8: ='Data- Refined'!Z8 -> 18 | J8: CA | K8: =C8*'Optimization Model'!C$5 -> 28 | L8: =D8*'Optimization Model'!D$5 -> 0 | M8: =E8*'Optimization Model'!E$5 -> 0 | N8: =F8*'Optimization Model'!F$5 -> 0 | O8: =G8*'Optimization Model'!G$5 -> 0 | P8: =H8*'Optimization Model'!H$5 -> 0 | Q8: =SUM(K8:P8) -> 28 | S8: CA | T8: =C8*'Optimization Model'!C$6 -> 0 | U8: =D8*'Optimization Model'!D$6 -> 27 | V8: =E8*'Optimization Model'!E$6 -> 0 | W8: =F8*'Optimization Model'!F$6 -> 0 | X8: =G8*'Optimization Model'!G$6 -> 0 | Y8: =H8*'Optimization Model'!H$6 -> 0 | Z8: =SUM(T8:Y8) -> 27 | AB8: CA | AC8: =C8*'Optimization Model'!C$7 -> 28 | AD8: =D8*'Optimization Model'!D$7 -> 0 | AE8: =E8*'Optimization Model'!E$7 -> 0 | AF8: =F8*'Optimization Model'!F$7 -> 0 | AG8: =G8*'Optimization Model'!G$7 -> 0 | AH8: =H8*'Optimization Model'!H$7 -> 0 | AI8: =SUM(AC8:AH8) -> 28 | AK8: CA | AL8: =C8*'Optimization Model'!C$8 -> 0 | AM8: =D8*'Optimization Model'!D$8 -> 27 | AN8: =E8*'Optimization Model'!E$8 -> 0 | AO8: =F8*'Optimization Model'!F$8 -> 0 | AP8: =G8*'Optimization Model'!G$8 -> 0 | AQ8: =H8*'Optimization Model'!H$8 -> 18 | AR8: =SUM(AL8:AQ8) -> 45 | AT8: CA | AU8: =C8*'Optimization Model'!C$9 -> 28 | AV8: =D8*'Optimization Model'!D$9 -> 0 | AW8: =E8*'Optimization Model'!E$9 -> 0 | AX8: =F8*'Optimization Model'!F$9 -> 18 | AY8: =G8*'Optimization Model'!G$9 -> 0 | AZ8: =H8*'Optimization Model'!H$9 -> 0 | BA8: =SUM(AU8:AZ8) -> 46 | BC8: CA | BD8: =C8*'Optimization Model'!C$10 -> 0 | BE8: =D8*'Optimization Model'!D$10 -> 27 | BF8: =E8*'Optimization Model'!E$10 -> 0 | BG8: =F8*'Optimization Model'!F$10 -> 18 | BH8: =G8*'Optimization Model'!G$10 -> 0 | BI8: =H8*'Optimization Model'!H$10 -> 0 | BJ8: =SUM(BD8:BI8) -> 45 | BL8: CA | BM8: =C8*'Optimization Model'!C$11 -> 0 | BN8: =D8*'Optimization Model'!D$11 -> 0 | BO8: =E8*'Optimization Model'!E$11 -> 20 | BP8: =F8*'Optimization Model'!F$11 -> 0 | BQ8: =G8*'Optimization Model'!G$11 -> 16 | BR8: =H8*'Optimization Model'!H$11 -> 0 | BS8: =SUM(BM8:BR8) -> 36 | BU8: CA | BV8: =C8*'Optimization Model'!C$12 -> 0 | BW8: =D8*'Optimization Model'!D$12 -> 0 | BX8: =E8*'Optimization Model'!E$12 -> 0 | BY8: =F8*'Optimization Model'!F$12 -> 0 | BZ8: =G8*'Optimization Model'!G$12 -> 16 | CA8: =H8*'Optimization Model'!H$12 -> 18 | CB8: =SUM(BV8:CA8) -> 34 | CD8: CA | CE8: =C8*'Optimization Model'!C$13 -> 28 | CF8: =D8*'Optimization Model'!D$13 -> 0 | CG8: =E8*'Optimization Model'!E$13 -> 0 | CH8: =F8*'Optimization Model'!F$13 -> 0 | CI8: =G8*'Optimization Model'!G$13 -> 0 | CJ8: =H8*'Optimization Model'!H$13 -> 0 | CK8: =SUM(CE8:CJ8) -> 28 | CM8: CA | CN8: =C8*'Optimization Model'!C$14 -> 0 | CO8: =D8*'Optimization Model'!D$14 -> 27 | CP8: =E8*'Optimization Model'!E$14 -> 0 | CQ8: =F8*'Optimization Model'!F$14 -> 0 | CR8: =G8*'Optimization Model'!G$14 -> 0 | CS8: =H8*'Optimization Model'!H$14 -> 0 | CT8: =SUM(CN8:CS8) -> 27 | CV8: CA | CW8: =C8*'Optimization Model'!C$15 -> 0 | CX8: =D8*'Optimization Model'!D$15 -> 0 | CY8: =E8*'Optimization Model'!E$15 -> 0 | CZ8: =F8*'Optimization Model'!F$15 -> 18 | DA8: =G8*'Optimization Model'!G$15 -> 16 | DB8: =H8*'Optimization Model'!H$15 -> 0 | DC8: =SUM(CW8:DB8) -> 34 | DE8: CA | DF8: =C8*'Optimization Model'!C$16 -> 0 | DG8: =D8*'Optimization Model'!D$16 -> 0 | DH8: =E8*'Optimization Model'!E$16 -> 20 | DI8: =F8*'Optimization Model'!F$16 -> 0 | DJ8: =G8*'Optimization Model'!G$16 -> 0 | DK8: =H8*'Optimization Model'!H$16 -> 0 | DL8: =SUM(DF8:DK8) -> 20 | DN8: CA | DO8: =C8*'Optimization Model'!C$17 -> 0 | DP8: =D8*'Optimization Model'!D$17 -> 0 | DQ8: =E8*'Optimization Model'!E$17 -> 20 | DR8: =F8*'Optimization Model'!F$17 -> 0 | DS8: =G8*'Optimization Model'!G$17 -> 16 | DT8: =H8*'Optimization Model'!H$17 -> 0 | DU8: =SUM(DO8:DT8) -> 36 | DW8: CA | DX8: =C8*'Optimization Model'!C$18 -> 0 | DY8: =D8*'Optimization Model'!D$18 -> 0 | DZ8: =E8*'Optimization Model'!E$18 -> 20 | EA8: =F8*'Optimization Model'!F$18 -> 18 | EB8: =G8*'Optimization Model'!G$18 -> 0 | EC8: =H8*'Optimization Model'!H$18 -> 0 | ED8: =SUM(DX8:EC8) -> 38 | EF8: CA | EG8: =C8*'Optimization Model'!C$19 -> 0 | EH8: =D8*'Optimization Model'!D$19 -> 0 | EI8: =E8*'Optimization Model'!E$19 -> 0 | EJ8: =F8*'Optimization Model'!F$19 -> 0 | EK8: =G8*'Optimization Model'!G$19 -> 0 | EL8: =H8*'Optimization Model'!H$19 -> 18 | EM8: =SUM(EG8:EL8) -> 18 | EO8: CA | EP8: =C8*'Optimization Model'!C$20 -> 0 | EQ8: =D8*'Optimization Model'!D$20 -> 0 | ER8: =E8*'Optimization Model'!E$20 -> 0 | ES8: =F8*'Optimization Model'!F$20 -> 0 | ET8: =G8*'Optimization Model'!G$20 -> 0 | EU8: =H8*'Optimization Model'!H$20 -> 18 | EV8: =SUM(EP8:EU8) -> 18
B9: CO | C9: ='Data- Refined'!U9 -> 11 | D9: ='Data- Refined'!V9 -> 11 | E9: ='Data- Refined'!W9 -> 10 | F9: ='Data- Refined'!X9 -> 10 | G9: ='Data- Refined'!Y9 -> 6 | H9: ='Data- Refined'!Z9 -> 5 | J9: CO | K9: =C9*'Optimization Model'!C$5 -> 11 | L9: =D9*'Optimization Model'!D$5 -> 0 | M9: =E9*'Optimization Model'!E$5 -> 0 | N9: =F9*'Optimization Model'!F$5 -> 0 | O9: =G9*'Optimization Model'!G$5 -> 0 | P9: =H9*'Optimization Model'!H$5 -> 0 | Q9: =SUM(K9:P9) -> 11 | S9: CO | T9: =C9*'Optimization Model'!C$6 -> 0 | U9: =D9*'Optimization Model'!D$6 -> 11 | V9: =E9*'Optimization Model'!E$6 -> 0 | W9: =F9*'Optimization Model'!F$6 -> 0 | X9: =G9*'Optimization Model'!G$6 -> 0 | Y9: =H9*'Optimization Model'!H$6 -> 0 | Z9: =SUM(T9:Y9) -> 11 | AB9: CO | AC9: =C9*'Optimization Model'!C$7 -> 11 | AD9: =D9*'Optimization Model'!D$7 -> 0 | AE9: =E9*'Optimization Model'!E$7 -> 0 | AF9: =F9*'Optimization Model'!F$7 -> 0 | AG9: =G9*'Optimization Model'!G$7 -> 0 | AH9: =H9*'Optimization Model'!H$7 -> 0 | AI9: =SUM(AC9:AH9) -> 11 | AK9: CO | AL9: =C9*'Optimization Model'!C$8 -> 0 | AM9: =D9*'Optimization Model'!D$8 -> 11 | AN9: =E9*'Optimization Model'!E$8 -> 0 | AO9: =F9*'Optimization Model'!F$8 -> 0 | AP9: =G9*'Optimization Model'!G$8 -> 0 | AQ9: =H9*'Optimization Model'!H$8 -> 5 | AR9: =SUM(AL9:AQ9) -> 16 | AT9: CO | AU9: =C9*'Optimization Model'!C$9 -> 11 | AV9: =D9*'Optimization Model'!D$9 -> 0 | AW9: =E9*'Optimization Model'!E$9 -> 0 | AX9: =F9*'Optimization Model'!F$9 -> 10 | AY9: =G9*'Optimization Model'!G$9 -> 0 | AZ9: =H9*'Optimization Model'!H$9 -> 0 | BA9: =SUM(AU9:AZ9) -> 21 | BC9: CO | BD9: =C9*'Optimization Model'!C$10 -> 0 | BE9: =D9*'Optimization Model'!D$10 -> 11 | BF9: =E9*'Optimization Model'!E$10 -> 0 | BG9: =F9*'Optimization Model'!F$10 -> 10 | BH9: =G9*'Optimization Model'!G$10 -> 0 | BI9: =H9*'Optimization Model'!H$10 -> 0 | BJ9: =SUM(BD9:BI9) -> 21 | BL9: CO | BM9: =C9*'Optimization Model'!C$11 -> 0 | BN9: =D9*'Optimization Model'!D$11 -> 0 | BO9: =E9*'Optimization Model'!E$11 -> 10 | BP9: =F9*'Optimization Model'!F$11 -> 0 | BQ9: =G9*'Optimization Model'!G$11 -> 6 | BR9: =H9*'Optimization Model'!H$11 -> 0 | BS9: =SUM(BM9:BR9) -> 16 | BU9: CO | BV9: =C9*'Optimization Model'!C$12 -> 0 | BW9: =D9*'Optimization Model'!D$12 -> 0 | BX9: =E9*'Optimization Model'!E$12 -> 0 | BY9: =F9*'Optimization Model'!F$12 -> 0 | BZ9: =G9*'Optimization Model'!G$12 -> 6 | CA9: =H9*'Optimization Model'!H$12 -> 5 | CB9: =SUM(BV9:CA9) -> 11 | CD9: CO | CE9: =C9*'Optimization Model'!C$13 -> 11 | CF9: =D9*'Optimization Model'!D$13 -> 0 | CG9: =E9*'Optimization Model'!E$13 -> 0 | CH9: =F9*'Optimization Model'!F$13 -> 0 | CI9: =G9*'Optimization Model'!G$13 -> 0 | CJ9: =H9*'Optimization Model'!H$13 -> 0 | CK9: =SUM(CE9:CJ9) -> 11 | CM9: CO | CN9: =C9*'Optimization Model'!C$14 -> 0 | CO9: =D9*'Optimization Model'!D$14 -> 11 | CP9: =E9*'Optimization Model'!E$14 -> 0 | CQ9: =F9*'Optimization Model'!F$14 -> 0 | CR9: =G9*'Optimization Model'!G$14 -> 0 | CS9: =H9*'Optimization Model'!H$14 -> 0 | CT9: =SUM(CN9:CS9) -> 11 | CV9: CO | CW9: =C9*'Optimization Model'!C$15 -> 0 | CX9: =D9*'Optimization Model'!D$15 -> 0 | CY9: =E9*'Optimization Model'!E$15 -> 0 | CZ9: =F9*'Optimization Model'!F$15 -> 10 | DA9: =G9*'Optimization Model'!G$15 -> 6 | DB9: =H9*'Optimization Model'!H$15 -> 0 | DC9: =SUM(CW9:DB9) -> 16 | DE9: CO | DF9: =C9*'Optimization Model'!C$16 -> 0 | DG9: =D9*'Optimization Model'!D$16 -> 0 | DH9: =E9*'Optimization Model'!E$16 -> 10 | DI9: =F9*'Optimization Model'!F$16 -> 0 | DJ9: =G9*'Optimization Model'!G$16 -> 0 | DK9: =H9*'Optimization Model'!H$16 -> 0 | DL9: =SUM(DF9:DK9) -> 10 | DN9: CO | DO9: =C9*'Optimization Model'!C$17 -> 0 | DP9: =D9*'Optimization Model'!D$17 -> 0 | DQ9: =E9*'Optimization Model'!E$17 -> 10 | DR9: =F9*'Optimization Model'!F$17 -> 0 | DS9: =G9*'Optimization Model'!G$17 -> 6 | DT9: =H9*'Optimization Model'!H$17 -> 0 | DU9: =SUM(DO9:DT9) -> 16 | DW9: CO | DX9: =C9*'Optimization Model'!C$18 -> 0 | DY9: =D9*'Optimization Model'!D$18 -> 0 | DZ9: =E9*'Optimization Model'!E$18 -> 10 | EA9: =F9*'Optimization Model'!F$18 -> 10 | EB9: =G9*'Optimization Model'!G$18 -> 0 | EC9: =H9*'Optimization Model'!H$18 -> 0 | ED9: =SUM(DX9:EC9) -> 20 | EF9: CO | EG9: =C9*'Optimization Model'!C$19 -> 0 | EH9: =D9*'Optimization Model'!D$19 -> 0 | EI9: =E9*'Optimization Model'!E$19 -> 0 | EJ9: =F9*'Optimization Model'!F$19 -> 0 | EK9: =G9*'Optimization Model'!G$19 -> 0 | EL9: =H9*'Optimization Model'!H$19 -> 5 | EM9: =SUM(EG9:EL9) -> 5 | EO9: CO | EP9: =C9*'Optimization Model'!C$20 -> 0 | EQ9: =D9*'Optimization Model'!D$20 -> 0 | ER9: =E9*'Optimization Model'!E$20 -> 0 | ES9: =F9*'Optimization Model'!F$20 -> 0 | ET9: =G9*'Optimization Model'!G$20 -> 0 | EU9: =H9*'Optimization Model'!H$20 -> 5 | EV9: =SUM(EP9:EU9) -> 5
B10: CT | C10: ='Data- Refined'!U10 -> 13 | D10: ='Data- Refined'!V10 -> 15 | E10: ='Data- Refined'!W10 -> 9 | F10: ='Data- Refined'!X10 -> 7 | G10: ='Data- Refined'!Y10 -> 6 | H10: ='Data- Refined'!Z10 -> 7 | J10: CT | K10: =C10*'Optimization Model'!C$5 -> 13 | L10: =D10*'Optimization Model'!D$5 -> 0 | M10: =E10*'Optimization Model'!E$5 -> 0 | N10: =F10*'Optimization Model'!F$5 -> 0 | O10: =G10*'Optimization Model'!G$5 -> 0 | P10: =H10*'Optimization Model'!H$5 -> 0 | Q10: =SUM(K10:P10) -> 13 | S10: CT | T10: =C10*'Optimization Model'!C$6 -> 0 | U10: =D10*'Optimization Model'!D$6 -> 15 | V10: =E10*'Optimization Model'!E$6 -> 0 | W10: =F10*'Optimization Model'!F$6 -> 0 | X10: =G10*'Optimization Model'!G$6 -> 0 | Y10: =H10*'Optimization Model'!H$6 -> 0 | Z10: =SUM(T10:Y10) -> 15 | AB10: CT | AC10: =C10*'Optimization Model'!C$7 -> 13 | AD10: =D10*'Optimization Model'!D$7 -> 0 | AE10: =E10*'Optimization Model'!E$7 -> 0 | AF10: =F10*'Optimization Model'!F$7 -> 0 | AG10: =G10*'Optimization Model'!G$7 -> 0 | AH10: =H10*'Optimization Model'!H$7 -> 0 | AI10: =SUM(AC10:AH10) -> 13 | AK10: CT | AL10: =C10*'Optimization Model'!C$8 -> 0 | AM10: =D10*'Optimization Model'!D$8 -> 15 | AN10: =E10*'Optimization Model'!E$8 -> 0 | AO10: =F10*'Optimization Model'!F$8 -> 0 | AP10: =G10*'Optimization Model'!G$8 -> 0 | AQ10: =H10*'Optimization Model'!H$8 -> 7 | AR10: =SUM(AL10:AQ10) -> 22 | AT10: CT | AU10: =C10*'Optimization Model'!C$9 -> 13 | AV10: =D10*'Optimization Model'!D$9 -> 0 | AW10: =E10*'Optimization Model'!E$9 -> 0 | AX10: =F10*'Optimization Model'!F$9 -> 7 | AY10: =G10*'Optimization Model'!G$9 -> 0 | AZ10: =H10*'Optimization Model'!H$9 -> 0 | BA10: =SUM(AU10:AZ10) -> 20 | BC10: CT | BD10: =C10*'Optimization Model'!C$10 -> 0 | BE10: =D10*'Optimization Model'!D$10 -> 15 | BF10: =E10*'Optimization Model'!E$10 -> 0 | BG10: =F10*'Optimization Model'!F$10 -> 7 | BH10: =G10*'Optimization Model'!G$10 -> 0 | BI10: =H10*'Optimization Model'!H$10 -> 0 | BJ10: =SUM(BD10:BI10) -> 22 | BL10: CT | BM10: =C10*'Optimization Model'!C$11 -> 0 | BN10: =D10*'Optimization Model'!D$11 -> 0 | BO10: =E10*'Optimization Model'!E$11 -> 9 | BP10: =F10*'Optimization Model'!F$11 -> 0 | BQ10: =G10*'Optimization Model'!G$11 -> 6 | BR10: =H10*'Optimization Model'!H$11 -> 0 | BS10: =SUM(BM10:BR10) -> 15 | BU10: CT | BV10: =C10*'Optimization Model'!C$12 -> 0 | BW10: =D10*'Optimization Model'!D$12 -> 0 | BX10: =E10*'Optimization Model'!E$12 -> 0 | BY10: =F10*'Optimization Model'!F$12 -> 0 | BZ10: =G10*'Optimization Model'!G$12 -> 6 | CA10: =H10*'Optimization Model'!H$12 -> 7 | CB10: =SUM(BV10:CA10) -> 13 | CD10: CT | CE10: =C10*'Optimization Model'!C$13 -> 13 | CF10: =D10*'Optimization Model'!D$13 -> 0 | CG10: =E10*'Optimization Model'!E$13 -> 0 | CH10: =F10*'Optimization Model'!F$13 -> 0 | CI10: =G10*'Optimization Model'!G$13 -> 0 | CJ10: =H10*'Optimization Model'!H$13 -> 0 | CK10: =SUM(CE10:CJ10) -> 13 | CM10: CT | CN10: =C10*'Optimization Model'!C$14 -> 0 | CO10: =D10*'Optimization Model'!D$14 -> 15 | CP10: =E10*'Optimization Model'!E$14 -> 0 | CQ10: =F10*'Optimization Model'!F$14 -> 0 | CR10: =G10*'Optimization Model'!G$14 -> 0 | CS10: =H10*'Optimization Model'!H$14 -> 0 | CT10: =SUM(CN10:CS10) -> 15 | CV10: CT | CW10: =C10*'Optimization Model'!C$15 -> 0 | CX10: =D10*'Optimization Model'!D$15 -> 0 | CY10: =E10*'Optimization Model'!E$15 -> 0 | CZ10: =F10*'Optimization Model'!F$15 -> 7 | DA10: =G10*'Optimization Model'!G$15 -> 6 | DB10: =H10*'Optimization Model'!H$15 -> 0 | DC10: =SUM(CW10:DB10) -> 13 | DE10: CT | DF10: =C10*'Optimization Model'!C$16 -> 0 | DG10: =D10*'Optimization Model'!D$16 -> 0 | DH10: =E10*'Optimization Model'!E$16 -> 9 | DI10: =F10*'Optimization Model'!F$16 -> 0 | DJ10: =G10*'Optimization Model'!G$16 -> 0 | DK10: =H10*'Optimization Model'!H$16 -> 0 | DL10: =SUM(DF10:DK10) -> 9 | DN10: CT | DO10: =C10*'Optimization Model'!C$17 -> 0 | DP10: =D10*'Optimization Model'!D$17 -> 0 | DQ10: =E10*'Optimization Model'!E$17 -> 9 | DR10: =F10*'Optimization Model'!F$17 -> 0 | DS10: =G10*'Optimization Model'!G$17 -> 6 | DT10: =H10*'Optimization Model'!H$17 -> 0 | DU10: =SUM(DO10:DT10) -> 15 | DW10: CT | DX10: =C10*'Optimization Model'!C$18 -> 0 | DY10: =D10*'Optimization Model'!D$18 -> 0 | DZ10: =E10*'Optimization Model'!E$18 -> 9 | EA10: =F10*'Optimization Model'!F$18 -> 7 | EB10: =G10*'Optimization Model'!G$18 -> 0 | EC10: =H10*'Optimization Model'!H$18 -> 0 | ED10: =SUM(DX10:EC10) -> 16 | EF10: CT | EG10: =C10*'Optimization Model'!C$19 -> 0 | EH10: =D10*'Optimization Model'!D$19 -> 0 | EI10: =E10*'Optimization Model'!E$19 -> 0 | EJ10: =F10*'Optimization Model'!F$19 -> 0 | EK10: =G10*'Optimization Model'!G$19 -> 0 | EL10: =H10*'Optimization Model'!H$19 -> 7 | EM10: =SUM(EG10:EL10) -> 7 | EO10: CT | EP10: =C10*'Optimization Model'!C$20 -> 0 | EQ10: =D10*'Optimization Model'!D$20 -> 0 | ER10: =E10*'Optimization Model'!E$20 -> 0 | ES10: =F10*'Optimization Model'!F$20 -> 0 | ET10: =G10*'Optimization Model'!G$20 -> 0 | EU10: =H10*'Optimization Model'!H$20 -> 7 | EV10: =SUM(EP10:EU10) -> 7
B11: DC | C11: ='Data- Refined'!U11 -> 6 | D11: ='Data- Refined'!V11 -> 4 | E11: ='Data- Refined'!W11 -> 1 | F11: ='Data- Refined'!X11 -> 1 | G11: ='Data- Refined'!Y11 -> 3 | H11: ='Data- Refined'!Z11 -> 1 | J11: DC | K11: =C11*'Optimization Model'!C$5 -> 6 | L11: =D11*'Optimization Model'!D$5 -> 0 | M11: =E11*'Optimization Model'!E$5 -> 0 | N11: =F11*'Optimization Model'!F$5 -> 0 | O11: =G11*'Optimization Model'!G$5 -> 0 | P11: =H11*'Optimization Model'!H$5 -> 0 | Q11: =SUM(K11:P11) -> 6 | S11: DC | T11: =C11*'Optimization Model'!C$6 -> 0 | U11: =D11*'Optimization Model'!D$6 -> 4 | V11: =E11*'Optimization Model'!E$6 -> 0 | W11: =F11*'Optimization Model'!F$6 -> 0 | X11: =G11*'Optimization Model'!G$6 -> 0 | Y11: =H11*'Optimization Model'!H$6 -> 0 | Z11: =SUM(T11:Y11) -> 4 | AB11: DC | AC11: =C11*'Optimization Model'!C$7 -> 6 | AD11: =D11*'Optimization Model'!D$7 -> 0 | AE11: =E11*'Optimization Model'!E$7 -> 0 | AF11: =F11*'Optimization Model'!F$7 -> 0 | AG11: =G11*'Optimization Model'!G$7 -> 0 | AH11: =H11*'Optimization Model'!H$7 -> 0 | AI11: =SUM(AC11:AH11) -> 6 | AK11: DC | AL11: =C11*'Optimization Model'!C$8 -> 0 | AM11: =D11*'Optimization Model'!D$8 -> 4 | AN11: =E11*'Optimization Model'!E$8 -> 0 | AO11: =F11*'Optimization Model'!F$8 -> 0 | AP11: =G11*'Optimization Model'!G$8 -> 0 | AQ11: =H11*'Optimization Model'!H$8 -> 1 | AR11: =SUM(AL11:AQ11) -> 5 | AT11: DC | AU11: =C11*'Optimization Model'!C$9 -> 6 | AV11: =D11*'Optimization Model'!D$9 -> 0 | AW11: =E11*'Optimization Model'!E$9 -> 0 | AX11: =F11*'Optimization Model'!F$9 -> 1 | AY11: =G11*'Optimization Model'!G$9 -> 0 | AZ11: =H11*'Optimization Model'!H$9 -> 0 | BA11: =SUM(AU11:AZ11) -> 7 | BC11: DC | BD11: =C11*'Optimization Model'!C$10 -> 0 | BE11: =D11*'Optimization Model'!D$10 -> 4 | BF11: =E11*'Optimization Model'!E$10 -> 0 | BG11: =F11*'Optimization Model'!F$10 -> 1 | BH11: =G11*'Optimization Model'!G$10 -> 0 | BI11: =H11*'Optimization Model'!H$10 -> 0 | BJ11: =SUM(BD11:BI11) -> 5 | BL11: DC | BM11: =C11*'Optimization Model'!C$11 -> 0 | BN11: =D11*'Optimization Model'!D$11 -> 0 | BO11: =E11*'Optimization Model'!E$11 -> 1 | BP11: =F11*'Optimization Model'!F$11 -> 0 | BQ11: =G11*'Optimization Model'!G$11 -> 3 | BR11: =H11*'Optimization Model'!H$11 -> 0 | BS11: =SUM(BM11:BR11) -> 4 | BU11: DC | BV11: =C11*'Optimization Model'!C$12 -> 0 | BW11: =D11*'Optimization Model'!D$12 -> 0 | BX11: =E11*'Optimization Model'!E$12 -> 0 | BY11: =F11*'Optimization Model'!F$12 -> 0 | BZ11: =G11*'Optimization Model'!G$12 -> 3 | CA11: =H11*'Optimization Model'!H$12 -> 1 | CB11: =SUM(BV11:CA11) -> 4 | CD11: DC | CE11: =C11*'Optimization Model'!C$13 -> 6 | CF11: =D11*'Optimization Model'!D$13 -> 0 | CG11: =E11*'Optimization Model'!E$13 -> 0 | CH11: =F11*'Optimization Model'!F$13 -> 0 | CI11: =G11*'Optimization Model'!G$13 -> 0 | CJ11: =H11*'Optimization Model'!H$13 -> 0 | CK11: =SUM(CE11:CJ11) -> 6 | CM11: DC | CN11: =C11*'Optimization Model'!C$14 -> 0 | CO11: =D11*'Optimization Model'!D$14 -> 4 | CP11: =E11*'Optimization Model'!E$14 -> 0 | CQ11: =F11*'Optimization Model'!F$14 -> 0 | CR11: =G11*'Optimization Model'!G$14 -> 0 | CS11: =H11*'Optimization Model'!H$14 -> 0 | CT11: =SUM(CN11:CS11) -> 4 | CV11: DC | CW11: =C11*'Optimization Model'!C$15 -> 0 | CX11: =D11*'Optimization Model'!D$15 -> 0 | CY11: =E11*'Optimization Model'!E$15 -> 0 | CZ11: =F11*'Optimization Model'!F$15 -> 1 | DA11: =G11*'Optimization Model'!G$15 -> 3 | DB11: =H11*'Optimization Model'!H$15 -> 0 | DC11: =SUM(CW11:DB11) -> 4 | DE11: DC | DF11: =C11*'Optimization Model'!C$16 -> 0 | DG11: =D11*'Optimization Model'!D$16 -> 0 | DH11: =E11*'Optimization Model'!E$16 -> 1 | DI11: =F11*'Optimization Model'!F$16 -> 0 | DJ11: =G11*'Optimization Model'!G$16 -> 0 | DK11: =H11*'Optimization Model'!H$16 -> 0 | DL11: =SUM(DF11:DK11) -> 1 | DN11: DC | DO11: =C11*'Optimization Model'!C$17 -> 0 | DP11: =D11*'Optimization Model'!D$17 -> 0 | DQ11: =E11*'Optimization Model'!E$17 -> 1 | DR11: =F11*'Optimization Model'!F$17 -> 0 | DS11: =G11*'Optimization Model'!G$17 -> 3 | DT11: =H11*'Optimization Model'!H$17 -> 0 | DU11: =SUM(DO11:DT11) -> 4 | DW11: DC | DX11: =C11*'Optimization Model'!C$18 -> 0 | DY11: =D11*'Optimization Model'!D$18 -> 0 | DZ11: =E11*'Optimization Model'!E$18 -> 1 | EA11: =F11*'Optimization Model'!F$18 -> 1 | EB11: =G11*'Optimization Model'!G$18 -> 0 | EC11: =H11*'Optimization Model'!H$18 -> 0 | ED11: =SUM(DX11:EC11) -> 2 | EF11: DC | EG11: =C11*'Optimization Model'!C$19 -> 0 | EH11: =D11*'Optimization Model'!D$19 -> 0 | EI11: =E11*'Optimization Model'!E$19 -> 0 | EJ11: =F11*'Optimization Model'!F$19 -> 0 | EK11: =G11*'Optimization Model'!G$19 -> 0 | EL11: =H11*'Optimization Model'!H$19 -> 1 | EM11: =SUM(EG11:EL11) -> 1 | EO11: DC | EP11: =C11*'Optimization Model'!C$20 -> 0 | EQ11: =D11*'Optimization Model'!D$20 -> 0 | ER11: =E11*'Optimization Model'!E$20 -> 0 | ES11: =F11*'Optimization Model'!F$20 -> 0 | ET11: =G11*'Optimization Model'!G$20 -> 0 | EU11: =H11*'Optimization Model'!H$20 -> 1 | EV11: =SUM(EP11:EU11) -> 1
B12: DE | C12: ='Data- Refined'!U12 -> 6 | D12: ='Data- Refined'!V12 -> 8 | E12: ='Data- Refined'!W12 -> 1 | F12: ='Data- Refined'!X12 -> 5 | G12: ='Data- Refined'!Y12 -> 1 | H12: ='Data- Refined'!Z12 -> 4 | J12: DE | K12: =C12*'Optimization Model'!C$5 -> 6 | L12: =D12*'Optimization Model'!D$5 -> 0 | M12: =E12*'Optimization Model'!E$5 -> 0 | N12: =F12*'Optimization Model'!F$5 -> 0 | O12: =G12*'Optimization Model'!G$5 -> 0 | P12: =H12*'Optimization Model'!H$5 -> 0 | Q12: =SUM(K12:P12) -> 6 | S12: DE | T12: =C12*'Optimization Model'!C$6 -> 0 | U12: =D12*'Optimization Model'!D$6 -> 8 | V12: =E12*'Optimization Model'!E$6 -> 0 | W12: =F12*'Optimization Model'!F$6 -> 0 | X12: =G12*'Optimization Model'!G$6 -> 0 | Y12: =H12*'Optimization Model'!H$6 -> 0 | Z12: =SUM(T12:Y12) -> 8 | AB12: DE | AC12: =C12*'Optimization Model'!C$7 -> 6 | AD12: =D12*'Optimization Model'!D$7 -> 0 | AE12: =E12*'Optimization Model'!E$7 -> 0 | AF12: =F12*'Optimization Model'!F$7 -> 0 | AG12: =G12*'Optimization Model'!G$7 -> 0 | AH12: =H12*'Optimization Model'!H$7 -> 0 | AI12: =SUM(AC12:AH12) -> 6 | AK12: DE | AL12: =C12*'Optimization Model'!C$8 -> 0 | AM12: =D12*'Optimization Model'!D$8 -> 8 | AN12: =E12*'Optimization Model'!E$8 -> 0 | AO12: =F12*'Optimization Model'!F$8 -> 0 | AP12: =G12*'Optimization Model'!G$8 -> 0 | AQ12: =H12*'Optimization Model'!H$8 -> 4 | AR12: =SUM(AL12:AQ12) -> 12 | AT12: DE | AU12: =C12*'Optimization Model'!C$9 -> 6 | AV12: =D12*'Optimization Model'!D$9 -> 0 | AW12: =E12*'Optimization Model'!E$9 -> 0 | AX12: =F12*'Optimization Model'!F$9 -> 5 | AY12: =G12*'Optimization Model'!G$9 -> 0 | AZ12: =H12*'Optimization Model'!H$9 -> 0 | BA12: =SUM(AU12:AZ12) -> 11 | BC12: DE | BD12: =C12*'Optimization Model'!C$10 -> 0 | BE12: =D12*'Optimization Model'!D$10 -> 8 | BF12: =E12*'Optimization Model'!E$10 -> 0 | BG12: =F12*'Optimization Model'!F$10 -> 5 | BH12: =G12*'Optimization Model'!G$10 -> 0 | BI12: =H12*'Optimization Model'!H$10 -> 0 | BJ12: =SUM(BD12:BI12) -> 13 | BL12: DE | BM12: =C12*'Optimization Model'!C$11 -> 0 | BN12: =D12*'Optimization Model'!D$11 -> 0 | BO12: =E12*'Optimization Model'!E$11 -> 1 | BP12: =F12*'Optimization Model'!F$11 -> 0 | BQ12: =G12*'Optimization Model'!G$11 -> 1 | BR12: =H12*'Optimization Model'!H$11 -> 0 | BS12: =SUM(BM12:BR12) -> 2 | BU12: DE | BV12: =C12*'Optimization Model'!C$12 -> 0 | BW12: =D12*'Optimization Model'!D$12 -> 0 | BX12: =E12*'Optimization Model'!E$12 -> 0 | BY12: =F12*'Optimization Model'!F$12 -> 0 | BZ12: =G12*'Optimization Model'!G$12 -> 1 | CA12: =H12*'Optimization Model'!H$12 -> 4 | CB12: =SUM(BV12:CA12) -> 5 | CD12: DE | CE12: =C12*'Optimization Model'!C$13 -> 6 | CF12: =D12*'Optimization Model'!D$13 -> 0 | CG12: =E12*'Optimization Model'!E$13 -> 0 | CH12: =F12*'Optimization Model'!F$13 -> 0 | CI12: =G12*'Optimization Model'!G$13 -> 0 | CJ12: =H12*'Optimization Model'!H$13 -> 0 | CK12: =SUM(CE12:CJ12) -> 6 | CM12: DE | CN12: =C12*'Optimization Model'!C$14 -> 0 | CO12: =D12*'Optimization Model'!D$14 -> 8 | CP12: =E12*'Optimization Model'!E$14 -> 0 | CQ12: =F12*'Optimization Model'!F$14 -> 0 | CR12: =G12*'Optimization Model'!G$14 -> 0 | CS12: =H12*'Optimization Model'!H$14 -> 0 | CT12: =SUM(CN12:CS12) -> 8 | CV12: DE | CW12: =C12*'Optimization Model'!C$15 -> 0 | CX12: =D12*'Optimization Model'!D$15 -> 0 | CY12: =E12*'Optimization Model'!E$15 -> 0 | CZ12: =F12*'Optimization Model'!F$15 -> 5 | DA12: =G12*'Optimization Model'!G$15 -> 1 | DB12: =H12*'Optimization Model'!H$15 -> 0 | DC12: =SUM(CW12:DB12) -> 6 | DE12: DE | DF12: =C12*'Optimization Model'!C$16 -> 0 | DG12: =D12*'Optimization Model'!D$16 -> 0 | DH12: =E12*'Optimization Model'!E$16 -> 1 | DI12: =F12*'Optimization Model'!F$16 -> 0 | DJ12: =G12*'Optimization Model'!G$16 -> 0 | DK12: =H12*'Optimization Model'!H$16 -> 0 | DL12: =SUM(DF12:DK12) -> 1 | DN12: DE | DO12: =C12*'Optimization Model'!C$17 -> 0 | DP12: =D12*'Optimization Model'!D$17 -> 0 | DQ12: =E12*'Optimization Model'!E$17 -> 1 | DR12: =F12*'Optimization Model'!F$17 -> 0 | DS12: =G12*'Optimization Model'!G$17 -> 1 | DT12: =H12*'Optimization Model'!H$17 -> 0 | DU12: =SUM(DO12:DT12) -> 2 | DW12: DE | DX12: =C12*'Optimization Model'!C$18 -> 0 | DY12: =D12*'Optimization Model'!D$18 -> 0 | DZ12: =E12*'Optimization Model'!E$18 -> 1 | EA12: =F12*'Optimization Model'!F$18 -> 5 | EB12: =G12*'Optimization Model'!G$18 -> 0 | EC12: =H12*'Optimization Model'!H$18 -> 0 | ED12: =SUM(DX12:EC12) -> 6 | EF12: DE | EG12: =C12*'Optimization Model'!C$19 -> 0 | EH12: =D12*'Optimization Model'!D$19 -> 0 | EI12: =E12*'Optimization Model'!E$19 -> 0 | EJ12: =F12*'Optimization Model'!F$19 -> 0 | EK12: =G12*'Optimization Model'!G$19 -> 0 | EL12: =H12*'Optimization Model'!H$19 -> 4 | EM12: =SUM(EG12:EL12) -> 4 | EO12: DE | EP12: =C12*'Optimization Model'!C$20 -> 0 | EQ12: =D12*'Optimization Model'!D$20 -> 0 | ER12: =E12*'Optimization Model'!E$20 -> 0 | ES12: =F12*'Optimization Model'!F$20 -> 0 | ET12: =G12*'Optimization Model'!G$20 -> 0 | EU12: =H12*'Optimization Model'!H$20 -> 4 | EV12: =SUM(EP12:EU12) -> 4
B13: FL | C13: ='Data- Refined'!U13 -> 20 | D13: ='Data- Refined'!V13 -> 17 | E13: ='Data- Refined'!W13 -> 8 | F13: ='Data- Refined'!X13 -> 8 | G13: ='Data- Refined'!Y13 -> 10 | H13: ='Data- Refined'!Z13 -> 9 | J13: FL | K13: =C13*'Optimization Model'!C$5 -> 20 | L13: =D13*'Optimization Model'!D$5 -> 0 | M13: =E13*'Optimization Model'!E$5 -> 0 | N13: =F13*'Optimization Model'!F$5 -> 0 | O13: =G13*'Optimization Model'!G$5 -> 0 | P13: =H13*'Optimization Model'!H$5 -> 0 | Q13: =SUM(K13:P13) -> 20 | S13: FL | T13: =C13*'Optimization Model'!C$6 -> 0 | U13: =D13*'Optimization Model'!D$6 -> 17 | V13: =E13*'Optimization Model'!E$6 -> 0 | W13: =F13*'Optimization Model'!F$6 -> 0 | X13: =G13*'Optimization Model'!G$6 -> 0 | Y13: =H13*'Optimization Model'!H$6 -> 0 | Z13: =SUM(T13:Y13) -> 17 | AB13: FL | AC13: =C13*'Optimization Model'!C$7 -> 20 | AD13: =D13*'Optimization Model'!D$7 -> 0 | AE13: =E13*'Optimization Model'!E$7 -> 0 | AF13: =F13*'Optimization Model'!F$7 -> 0 | AG13: =G13*'Optimization Model'!G$7 -> 0 | AH13: =H13*'Optimization Model'!H$7 -> 0 | AI13: =SUM(AC13:AH13) -> 20 | AK13: FL | AL13: =C13*'Optimization Model'!C$8 -> 0 | AM13: =D13*'Optimization Model'!D$8 -> 17 | AN13: =E13*'Optimization Model'!E$8 -> 0 | AO13: =F13*'Optimization Model'!F$8 -> 0 | AP13: =G13*'Optimization Model'!G$8 -> 0 | AQ13: =H13*'Optimization Model'!H$8 -> 9 | AR13: =SUM(AL13:AQ13) -> 26 | AT13: FL | AU13: =C13*'Optimization Model'!C$9 -> 20 | AV13: =D13*'Optimization Model'!D$9 -> 0 | AW13: =E13*'Optimization Model'!E$9 -> 0 | AX13: =F13*'Optimization Model'!F$9 -> 8 | AY13: =G13*'Optimization Model'!G$9 -> 0 | AZ13: =H13*'Optimization Model'!H$9 -> 0 | BA13: =SUM(AU13:AZ13) -> 28 | BC13: FL | BD13: =C13*'Optimization Model'!C$10 -> 0 | BE13: =D13*'Optimization Model'!D$10 -> 17 | BF13: =E13*'Optimization Model'!E$10 -> 0 | BG13: =F13*'Optimization Model'!F$10 -> 8 | BH13: =G13*'Optimization Model'!G$10 -> 0 | BI13: =H13*'Optimization Model'!H$10 -> 0 | BJ13: =SUM(BD13:BI13) -> 25 | BL13: FL | BM13: =C13*'Optimization Model'!C$11 -> 0 | BN13: =D13*'Optimization Model'!D$11 -> 0 | BO13: =E13*'Optimization Model'!E$11 -> 8 | BP13: =F13*'Optimization Model'!F$11 -> 0 | BQ13: =G13*'Optimization Model'!G$11 -> 10 | BR13: =H13*'Optimization Model'!H$11 -> 0 | BS13: =SUM(BM13:BR13) -> 18 | BU13: FL | BV13: =C13*'Optimization Model'!C$12 -> 0 | BW13: =D13*'Optimization Model'!D$12 -> 0 | BX13: =E13*'Optimization Model'!E$12 -> 0 | BY13: =F13*'Optimization Model'!F$12 -> 0 | BZ13: =G13*'Optimization Model'!G$12 -> 10 | CA13: =H13*'Optimization Model'!H$12 -> 9 | CB13: =SUM(BV13:CA13) -> 19 | CD13: FL | CE13: =C13*'Optimization Model'!C$13 -> 20 | CF13: =D13*'Optimization Model'!D$13 -> 0 | CG13: =E13*'Optimization Model'!E$13 -> 0 | CH13: =F13*'Optimization Model'!F$13 -> 0 | CI13: =G13*'Optimization Model'!G$13 -> 0 | CJ13: =H13*'Optimization Model'!H$13 -> 0 | CK13: =SUM(CE13:CJ13) -> 20 | CM13: FL | CN13: =C13*'Optimization Model'!C$14 -> 0 | CO13: =D13*'Optimization Model'!D$14 -> 17 | CP13: =E13*'Optimization Model'!E$14 -> 0 | CQ13: =F13*'Optimization Model'!F$14 -> 0 | CR13: =G13*'Optimization Model'!G$14 -> 0 | CS13: =H13*'Optimization Model'!H$14 -> 0 | CT13: =SUM(CN13:CS13) -> 17 | CV13: FL | CW13: =C13*'Optimization Model'!C$15 -> 0 | CX13: =D13*'Optimization Model'!D$15 -> 0 | CY13: =E13*'Optimization Model'!E$15 -> 0 | CZ13: =F13*'Optimization Model'!F$15 -> 8 | DA13: =G13*'Optimization Model'!G$15 -> 10 | DB13: =H13*'Optimization Model'!H$15 -> 0 | DC13: =SUM(CW13:DB13) -> 18 | DE13: FL | DF13: =C13*'Optimization Model'!C$16 -> 0 | DG13: =D13*'Optimization Model'!D$16 -> 0 | DH13: =E13*'Optimization Model'!E$16 -> 8 | DI13: =F13*'Optimization Model'!F$16 -> 0 | DJ13: =G13*'Optimization Model'!G$16 -> 0 | DK13: =H13*'Optimization Model'!H$16 -> 0 | DL13: =SUM(DF13:DK13) -> 8 | DN13: FL | DO13: =C13*'Optimization Model'!C$17 -> 0 | DP13: =D13*'Optimization Model'!D$17 -> 0 | DQ13: =E13*'Optimization Model'!E$17 -> 8 | DR13: =F13*'Optimization Model'!F$17 -> 0 | DS13: =G13*'Optimization Model'!G$17 -> 10 | DT13: =H13*'Optimization Model'!H$17 -> 0 | DU13: =SUM(DO13:DT13) -> 18 | DW13: FL | DX13: =C13*'Optimization Model'!C$18 -> 0 | DY13: =D13*'Optimization Model'!D$18 -> 0 | DZ13: =E13*'Optimization Model'!E$18 -> 8 | EA13: =F13*'Optimization Model'!F$18 -> 8 | EB13: =G13*'Optimization Model'!G$18 -> 0 | EC13: =H13*'Optimization Model'!H$18 -> 0 | ED13: =SUM(DX13:EC13) -> 16 | EF13: FL | EG13: =C13*'Optimization Model'!C$19 -> 0 | EH13: =D13*'Optimization Model'!D$19 -> 0 | EI13: =E13*'Optimization Model'!E$19 -> 0 | EJ13: =F13*'Optimization Model'!F$19 -> 0 | EK13: =G13*'Optimization Model'!G$19 -> 0 | EL13: =H13*'Optimization Model'!H$19 -> 9 | EM13: =SUM(EG13:EL13) -> 9 | EO13: FL | EP13: =C13*'Optimization Model'!C$20 -> 0 | EQ13: =D13*'Optimization Model'!D$20 -> 0 | ER13: =E13*'Optimization Model'!E$20 -> 0 | ES13: =F13*'Optimization Model'!F$20 -> 0 | ET13: =G13*'Optimization Model'!G$20 -> 0 | EU13: =H13*'Optimization Model'!H$20 -> 9 | EV13: =SUM(EP13:EU13) -> 9
B14: GA | C14: ='Data- Refined'!U14 -> 14 | D14: ='Data- Refined'!V14 -> 9 | E14: ='Data- Refined'!W14 -> 8 | F14: ='Data- Refined'!X14 -> 10 | G14: ='Data- Refined'!Y14 -> 6 | H14: ='Data- Refined'!Z14 -> 2 | J14: GA | K14: =C14*'Optimization Model'!C$5 -> 14 | L14: =D14*'Optimization Model'!D$5 -> 0 | M14: =E14*'Optimization Model'!E$5 -> 0 | N14: =F14*'Optimization Model'!F$5 -> 0 | O14: =G14*'Optimization Model'!G$5 -> 0 | P14: =H14*'Optimization Model'!H$5 -> 0 | Q14: =SUM(K14:P14) -> 14 | S14: GA | T14: =C14*'Optimization Model'!C$6 -> 0 | U14: =D14*'Optimization Model'!D$6 -> 9 | V14: =E14*'Optimization Model'!E$6 -> 0 | W14: =F14*'Optimization Model'!F$6 -> 0 | X14: =G14*'Optimization Model'!G$6 -> 0 | Y14: =H14*'Optimization Model'!H$6 -> 0 | Z14: =SUM(T14:Y14) -> 9 | AB14: GA | AC14: =C14*'Optimization Model'!C$7 -> 14 | AD14: =D14*'Optimization Model'!D$7 -> 0 | AE14: =E14*'Optimization Model'!E$7 -> 0 | AF14: =F14*'Optimization Model'!F$7 -> 0 | AG14: =G14*'Optimization Model'!G$7 -> 0 | AH14: =H14*'Optimization Model'!H$7 -> 0 | AI14: =SUM(AC14:AH14) -> 14 | AK14: GA | AL14: =C14*'Optimization Model'!C$8 -> 0 | AM14: =D14*'Optimization Model'!D$8 -> 9 | AN14: =E14*'Optimization Model'!E$8 -> 0 | AO14: =F14*'Optimization Model'!F$8 -> 0 | AP14: =G14*'Optimization Model'!G$8 -> 0 | AQ14: =H14*'Optimization Model'!H$8 -> 2 | AR14: =SUM(AL14:AQ14) -> 11 | AT14: GA | AU14: =C14*'Optimization Model'!C$9 -> 14 | AV14: =D14*'Optimization Model'!D$9 -> 0 | AW14: =E14*'Optimization Model'!E$9 -> 0 | AX14: =F14*'Optimization Model'!F$9 -> 10 | AY14: =G14*'Optimization Model'!G$9 -> 0 | AZ14: =H14*'Optimization Model'!H$9 -> 0 | BA14: =SUM(AU14:AZ14) -> 24 | BC14: GA | BD14: =C14*'Optimization Model'!C$10 -> 0 | BE14: =D14*'Optimization Model'!D$10 -> 9 | BF14: =E14*'Optimization Model'!E$10 -> 0 | BG14: =F14*'Optimization Model'!F$10 -> 10 | BH14: =G14*'Optimization Model'!G$10 -> 0 | BI14: =H14*'Optimization Model'!H$10 -> 0 | BJ14: =SUM(BD14:BI14) -> 19 | BL14: GA | BM14: =C14*'Optimization Model'!C$11 -> 0 | BN14: =D14*'Optimization Model'!D$11 -> 0 | BO14: =E14*'Optimization Model'!E$11 -> 8 | BP14: =F14*'Optimization Model'!F$11 -> 0 | BQ14: =G14*'Optimization Model'!G$11 -> 6 | BR14: =H14*'Optimization Model'!H$11 -> 0 | BS14: =SUM(BM14:BR14) -> 14 | BU14: GA | BV14: =C14*'Optimization Model'!C$12 -> 0 | BW14: =D14*'Optimization Model'!D$12 -> 0 | BX14: =E14*'Optimization Model'!E$12 -> 0 | BY14: =F14*'Optimization Model'!F$12 -> 0 | BZ14: =G14*'Optimization Model'!G$12 -> 6 | CA14: =H14*'Optimization Model'!H$12 -> 2 | CB14: =SUM(BV14:CA14) -> 8 | CD14: GA | CE14: =C14*'Optimization Model'!C$13 -> 14 | CF14: =D14*'Optimization Model'!D$13 -> 0 | CG14: =E14*'Optimization Model'!E$13 -> 0 | CH14: =F14*'Optimization Model'!F$13 -> 0 | CI14: =G14*'Optimization Model'!G$13 -> 0 | CJ14: =H14*'Optimization Model'!H$13 -> 0 | CK14: =SUM(CE14:CJ14) -> 14 | CM14: GA | CN14: =C14*'Optimization Model'!C$14 -> 0 | CO14: =D14*'Optimization Model'!D$14 -> 9 | CP14: =E14*'Optimization Model'!E$14 -> 0 | CQ14: =F14*'Optimization Model'!F$14 -> 0 | CR14: =G14*'Optimization Model'!G$14 -> 0 | CS14: =H14*'Optimization Model'!H$14 -> 0 | CT14: =SUM(CN14:CS14) -> 9 | CV14: GA | CW14: =C14*'Optimization Model'!C$15 -> 0 | CX14: =D14*'Optimization Model'!D$15 -> 0 | CY14: =E14*'Optimization Model'!E$15 -> 0 | CZ14: =F14*'Optimization Model'!F$15 -> 10 | DA14: =G14*'Optimization Model'!G$15 -> 6 | DB14: =H14*'Optimization Model'!H$15 -> 0 | DC14: =SUM(CW14:DB14) -> 16 | DE14: GA | DF14: =C14*'Optimization Model'!C$16 -> 0 | DG14: =D14*'Optimization Model'!D$16 -> 0 | DH14: =E14*'Optimization Model'!E$16 -> 8 | DI14: =F14*'Optimization Model'!F$16 -> 0 | DJ14: =G14*'Optimization Model'!G$16 -> 0 | DK14: =H14*'Optimization Model'!H$16 -> 0 | DL14: =SUM(DF14:DK14) -> 8 | DN14: GA | DO14: =C14*'Optimization Model'!C$17 -> 0 | DP14: =D14*'Optimization Model'!D$17 -> 0 | DQ14: =E14*'Optimization Model'!E$17 -> 8 | DR14: =F14*'Optimization Model'!F$17 -> 0 | DS14: =G14*'Optimization Model'!G$17 -> 6 | DT14: =H14*'Optimization Model'!H$17 -> 0 | DU14: =SUM(DO14:DT14) -> 14 | DW14: GA | DX14: =C14*'Optimization Model'!C$18 -> 0 | DY14: =D14*'Optimization Model'!D$18 -> 0 | DZ14: =E14*'Optimization Model'!E$18 -> 8 | EA14: =F14*'Optimization Model'!F$18 -> 10 | EB14: =G14*'Optimization Model'!G$18 -> 0 | EC14: =H14*'Optimization Model'!H$18 -> 0 | ED14: =SUM(DX14:EC14) -> 18 | EF14: GA | EG14: =C14*'Optimization Model'!C$19 -> 0 | EH14: =D14*'Optimization Model'!D$19 -> 0 | EI14: =E14*'Optimization Model'!E$19 -> 0 | EJ14: =F14*'Optimization Model'!F$19 -> 0 | EK14: =G14*'Optimization Model'!G$19 -> 0 | EL14: =H14*'Optimization Model'!H$19 -> 2 | EM14: =SUM(EG14:EL14) -> 2 | EO14: GA | EP14: =C14*'Optimization Model'!C$20 -> 0 | EQ14: =D14*'Optimization Model'!D$20 -> 0 | ER14: =E14*'Optimization Model'!E$20 -> 0 | ES14: =F14*'Optimization Model'!F$20 -> 0 | ET14: =G14*'Optimization Model'!G$20 -> 0 | EU14: =H14*'Optimization Model'!H$20 -> 2 | EV14: =SUM(EP14:EU14) -> 2
B15: HI | C15: ='Data- Refined'!U15 -> 7 | D15: ='Data- Refined'!V15 -> 9 | E15: ='Data- Refined'!W15 -> 5 | F15: ='Data- Refined'!X15 -> 3 | G15: ='Data- Refined'!Y15 -> 2 | H15: ='Data- Refined'!Z15 -> 0 | J15: HI | K15: =C15*'Optimization Model'!C$5 -> 7 | L15: =D15*'Optimization Model'!D$5 -> 0 | M15: =E15*'Optimization Model'!E$5 -> 0 | N15: =F15*'Optimization Model'!F$5 -> 0 | O15: =G15*'Optimization Model'!G$5 -> 0 | P15: =H15*'Optimization Model'!H$5 -> 0 | Q15: =SUM(K15:P15) -> 7 | S15: HI | T15: =C15*'Optimization Model'!C$6 -> 0 | U15: =D15*'Optimization Model'!D$6 -> 9 | V15: =E15*'Optimization Model'!E$6 -> 0 | W15: =F15*'Optimization Model'!F$6 -> 0 | X15: =G15*'Optimization Model'!G$6 -> 0 | Y15: =H15*'Optimization Model'!H$6 -> 0 | Z15: =SUM(T15:Y15) -> 9 | AB15: HI | AC15: =C15*'Optimization Model'!C$7 -> 7 | AD15: =D15*'Optimization Model'!D$7 -> 0 | AE15: =E15*'Optimization Model'!E$7 -> 0 | AF15: =F15*'Optimization Model'!F$7 -> 0 | AG15: =G15*'Optimization Model'!G$7 -> 0 | AH15: =H15*'Optimization Model'!H$7 -> 0 | AI15: =SUM(AC15:AH15) -> 7 | AK15: HI | AL15: =C15*'Optimization Model'!C$8 -> 0 | AM15: =D15*'Optimization Model'!D$8 -> 9 | AN15: =E15*'Optimization Model'!E$8 -> 0 | AO15: =F15*'Optimization Model'!F$8 -> 0 | AP15: =G15*'Optimization Model'!G$8 -> 0 | AQ15: =H15*'Optimization Model'!H$8 -> 0 | AR15: =SUM(AL15:AQ15) -> 9 | AT15: HI | AU15: =C15*'Optimization Model'!C$9 -> 7 | AV15: =D15*'Optimization Model'!D$9 -> 0 | AW15: =E15*'Optimization Model'!E$9 -> 0 | AX15: =F15*'Optimization Model'!F$9 -> 3 | AY15: =G15*'Optimization Model'!G$9 -> 0 | AZ15: =H15*'Optimization Model'!H$9 -> 0 | BA15: =SUM(AU15:AZ15) -> 10 | BC15: HI | BD15: =C15*'Optimization Model'!C$10 -> 0 | BE15: =D15*'Optimization Model'!D$10 -> 9 | BF15: =E15*'Optimization Model'!E$10 -> 0 | BG15: =F15*'Optimization Model'!F$10 -> 3 | BH15: =G15*'Optimization Model'!G$10 -> 0 | BI15: =H15*'Optimization Model'!H$10 -> 0 | BJ15: =SUM(BD15:BI15) -> 12 | BL15: HI | BM15: =C15*'Optimization Model'!C$11 -> 0 | BN15: =D15*'Optimization Model'!D$11 -> 0 | BO15: =E15*'Optimization Model'!E$11 -> 5 | BP15: =F15*'Optimization Model'!F$11 -> 0 | BQ15: =G15*'Optimization Model'!G$11 -> 2 | BR15: =H15*'Optimization Model'!H$11 -> 0 | BS15: =SUM(BM15:BR15) -> 7 | BU15: HI | BV15: =C15*'Optimization Model'!C$12 -> 0 | BW15: =D15*'Optimization Model'!D$12 -> 0 | BX15: =E15*'Optimization Model'!E$12 -> 0 | BY15: =F15*'Optimization Model'!F$12 -> 0 | BZ15: =G15*'Optimization Model'!G$12 -> 2 | CA15: =H15*'Optimization Model'!H$12 -> 0 | CB15: =SUM(BV15:CA15) -> 2 | CD15: HI | CE15: =C15*'Optimization Model'!C$13 -> 7 | CF15: =D15*'Optimization Model'!D$13 -> 0 | CG15: =E15*'Optimization Model'!E$13 -> 0 | CH15: =F15*'Optimization Model'!F$13 -> 0 | CI15: =G15*'Optimization Model'!G$13 -> 0 | CJ15: =H15*'Optimization Model'!H$13 -> 0 | CK15: =SUM(CE15:CJ15) -> 7 | CM15: HI | CN15: =C15*'Optimization Model'!C$14 -> 0 | CO15: =D15*'Optimization Model'!D$14 -> 9 | CP15: =E15*'Optimization Model'!E$14 -> 0 | CQ15: =F15*'Optimization Model'!F$14 -> 0 | CR15: =G15*'Optimization Model'!G$14 -> 0 | CS15: =H15*'Optimization Model'!H$14 -> 0 | CT15: =SUM(CN15:CS15) -> 9 | CV15: HI | CW15: =C15*'Optimization Model'!C$15 -> 0 | CX15: =D15*'Optimization Model'!D$15 -> 0 | CY15: =E15*'Optimization Model'!E$15 -> 0 | CZ15: =F15*'Optimization Model'!F$15 -> 3 | DA15: =G15*'Optimization Model'!G$15 -> 2 | DB15: =H15*'Optimization Model'!H$15 -> 0 | DC15: =SUM(CW15:DB15) -> 5 | DE15: HI | DF15: =C15*'Optimization Model'!C$16 -> 0 | DG15: =D15*'Optimization Model'!D$16 -> 0 | DH15: =E15*'Optimization Model'!E$16 -> 5 | DI15: =F15*'Optimization Model'!F$16 -> 0 | DJ15: =G15*'Optimization Model'!G$16 -> 0 | DK15: =H15*'Optimization Model'!H$16 -> 0 | DL15: =SUM(DF15:DK15) -> 5 | DN15: HI | DO15: =C15*'Optimization Model'!C$17 -> 0 | DP15: =D15*'Optimization Model'!D$17 -> 0 | DQ15: =E15*'Optimization Model'!E$17 -> 5 | DR15: =F15*'Optimization Model'!F$17 -> 0 | DS15: =G15*'Optimization Model'!G$17 -> 2 | DT15: =H15*'Optimization Model'!H$17 -> 0 | DU15: =SUM(DO15:DT15) -> 7 | DW15: HI | DX15: =C15*'Optimization Model'!C$18 -> 0 | DY15: =D15*'Optimization Model'!D$18 -> 0 | DZ15: =E15*'Optimization Model'!E$18 -> 5 | EA15: =F15*'Optimization Model'!F$18 -> 3 | EB15: =G15*'Optimization Model'!G$18 -> 0 | EC15: =H15*'Optimization Model'!H$18 -> 0 | ED15: =SUM(DX15:EC15) -> 8 | EF15: HI | EG15: =C15*'Optimization Model'!C$19 -> 0 | EH15: =D15*'Optimization Model'!D$19 -> 0 | EI15: =E15*'Optimization Model'!E$19 -> 0 | EJ15: =F15*'Optimization Model'!F$19 -> 0 | EK15: =G15*'Optimization Model'!G$19 -> 0 | EL15: =H15*'Optimization Model'!H$19 -> 0 | EM15: =SUM(EG15:EL15) -> 0 | EO15: HI | EP15: =C15*'Optimization Model'!C$20 -> 0 | EQ15: =D15*'Optimization Model'!D$20 -> 0 | ER15: =E15*'Optimization Model'!E$20 -> 0 | ES15: =F15*'Optimization Model'!F$20 -> 0 | ET15: =G15*'Optimization Model'!G$20 -> 0 | EU15: =H15*'Optimization Model'!H$20 -> 0 | EV15: =SUM(EP15:EU15) -> 0
... B55: WY | C55: ='Data- Refined'!U55 -> 4 | D55: ='Data- Refined'!V55 -> 5 | E55: ='Data- Refined'!W55 -> 0 | F55: ='Data- Refined'!X55 -> 1 | G55: ='Data- Refined'!Y55 -> 1 | H55: ='Data- Refined'!Z55 -> 1 | J55: WY | K55: =C55*'Optimization Model'!C$5 -> 4 | L55: =D55*'Optimization Model'!D$5 -> 0 | M55: =E55*'Optimization Model'!E$5 -> 0 | N55: =F55*'Optimization Model'!F$5 -> 0 | O55: =G55*'Optimization Model'!G$5 -> 0 | P55: =H55*'Optimization Model'!H$5 -> 0 | Q55: =SUM(K55:P55) -> 4 | S55: WY | T55: =C55*'Optimization Model'!C$6 -> 0 | U55: =D55*'Optimization Model'!D$6 -> 5 | V55: =E55*'Optimization Model'!E$6 -> 0 | W55: =F55*'Optimization Model'!F$6 -> 0 | X55: =G55*'Optimization Model'!G$6 -> 0 | Y55: =H55*'Optimization Model'!H$6 -> 0 | Z55: =SUM(T55:Y55) -> 5 | AB55: WY | AC55: =C55*'Optimization Model'!C$7 -> 4 | AD55: =D55*'Optimization Model'!D$7 -> 0 | AE55: =E55*'Optimization Model'!E$7 -> 0 | AF55: =F55*'Optimization Model'!F$7 -> 0 | AG55: =G55*'Optimization Model'!G$7 -> 0 | AH55: =H55*'Optimization Model'!H$7 -> 0 | AI55: =SUM(AC55:AH55) -> 4 | AK55: WY | AL55: =C55*'Optimization Model'!C$8 -> 0 | AM55: =D55*'Optimization Model'!D$8 -> 5 | AN55: =E55*'Optimization Model'!E$8 -> 0 | AO55: =F55*'Optimization Model'!F$8 -> 0 | AP55: =G55*'Optimization Model'!G$8 -> 0 | AQ55: =H55*'Optimization Model'!H$8 -> 1 | AR55: =SUM(AL55:AQ55) -> 6 | AT55: WY | AU55: =C55*'Optimization Model'!C$9 -> 4 | AV55: =D55*'Optimization Model'!D$9 -> 0 | AW55: =E55*'Optimization Model'!E$9 -> 0 | AX55: =F55*'Optimization Model'!F$9 -> 1 | AY55: =G55*'Optimization Model'!G$9 -> 0 | AZ55: =H55*'Optimization Model'!H$9 -> 0 | BA55: =SUM(AU55:AZ55) -> 5 | BC55: WY | BD55: =C55*'Optimization Model'!C$10 -> 0 | BE55: =D55*'Optimization Model'!D$10 -> 5 | BF55: =E55*'Optimization Model'!E$10 -> 0 | BG55: =F55*'Optimization Model'!F$10 -> 1 | BH55: =G55*'Optimization Model'!G$10 -> 0 | BI55: =H55*'Optimization Model'!H$10 -> 0 | BJ55: =SUM(BD55:BI55) -> 6 | BL55: WY | BM55: =C55*'Optimization Model'!C$11 -> 0 | BN55: =D55*'Optimization Model'!D$11 -> 0 | BO55: =E55*'Optimization Model'!E$11 -> 0 | BP55: =F55*'Optimization Model'!F$11 -> 0 | BQ55: =G55*'Optimization Model'!G$11 -> 1 | BR55: =H55*'Optimization Model'!H$11 -> 0 | BS55: =SUM(BM55:BR55) -> 1 | BU55: WY | BV55: =C55*'Optimization Model'!C$12 -> 0 | BW55: =D55*'Optimization Model'!D$12 -> 0 | BX55: =E55*'Optimization Model'!E$12 -> 0 | BY55: =F55*'Optimization Model'!F$12 -> 0 | BZ55: =G55*'Optimization Model'!G$12 -> 1 | CA55: =H55*'Optimization Model'!H$12 -> 1 | CB55: =SUM(BV55:CA55) -> 2 | CD55: WY | CE55: =C55*'Optimization Model'!C$13 -> 4 | CF55: =D55*'Optimization Model'!D$13 -> 0 | CG55: =E55*'Optimization Model'!E$13 -> 0 | CH55: =F55*'Optimization Model'!F$13 -> 0 | CI55: =G55*'Optimization Model'!G$13 -> 0 | CJ55: =H55*'Optimization Model'!H$13 -> 0 | CK55: =SUM(CE55:CJ55) -> 4 | CM55: WY | CN55: =C55*'Optimization Model'!C$14 -> 0 | CO55: =D55*'Optimization Model'!D$14 -> 5 | CP55: =E55*'Optimization Model'!E$14 -> 0 | CQ55: =F55*'Optimization Model'!F$14 -> 0 | CR55: =G55*'Optimization Model'!G$14 -> 0 | CS55: =H55*'Optimization Model'!H$14 -> 0 | CT55: =SUM(CN55:CS55) -> 5 | CV55: WY | CW55: =C55*'Optimization Model'!C$15 -> 0 | CX55: =D55*'Optimization Model'!D$15 -> 0 | CY55: =E55*'Optimization Model'!E$15 -> 0 | CZ55: =F55*'Optimization Model'!F$15 -> 1 | DA55: =G55*'Optimization Model'!G$15 -> 1 | DB55: =H55*'Optimization Model'!H$15 -> 0 | DC55: =SUM(CW55:DB55) -> 2 | DE55: WY | DF55: =C55*'Optimization Model'!C$16 -> 0 | DG55: =D55*'Optimization Model'!D$16 -> 0 | DH55: =E55*'Optimization Model'!E$16 -> 0 | DI55: =F55*'Optimization Model'!F$16 -> 0 | DJ55: =G55*'Optimization Model'!G$16 -> 0 | DK55: =H55*'Optimization Model'!H$16 -> 0 | DL55: =SUM(DF55:DK55) -> 0 | DN55: WY | DO55: =C55*'Optimization Model'!C$17 -> 0 | DP55: =D55*'Optimization Model'!D$17 -> 0 | DQ55: =E55*'Optimization Model'!E$17 -> 0 | DR55: =F55*'Optimization Model'!F$17 -> 0 | DS55: =G55*'Optimization Model'!G$17 -> 1 | DT55: =H55*'Optimization Model'!H$17 -> 0 | DU55: =SUM(DO55:DT55) -> 1 | DW55: WY | DX55: =C55*'Optimization Model'!C$18 -> 0 | DY55: =D55*'Optimization Model'!D$18 -> 0 | DZ55: =E55*'Optimization Model'!E$18 -> 0 | EA55: =F55*'Optimization Model'!F$18 -> 1 | EB55: =G55*'Optimization Model'!G$18 -> 0 | EC55: =H55*'Optimization Model'!H$18 -> 0 | ED55: =SUM(DX55:EC55) -> 1 | EF55: WY | EG55: =C55*'Optimization Model'!C$19 -> 0 | EH55: =D55*'Optimization Model'!D$19 -> 0 | EI55: =E55*'Optimization Model'!E$19 -> 0 | EJ55: =F55*'Optimization Model'!F$19 -> 0 | EK55: =G55*'Optimization Model'!G$19 -> 0 | EL55: =H55*'Optimization Model'!H$19 -> 1 | EM55: =SUM(EG55:EL55) -> 1 | EO55: WY | EP55: =C55*'Optimization Model'!C$20 -> 0 | EQ55: =D55*'Optimization Model'!D$20 -> 0 | ER55: =E55*'Optimization Model'!E$20 -> 0 | ES55: =F55*'Optimization Model'!F$20 -> 0 | ET55: =G55*'Optimization Model'!G$20 -> 0 | EU55: =H55*'Optimization Model'!H$20 -> 1 | EV55: =SUM(EP55:EU55) -> 1

Sheet Statistical Analysis- Lead Flow
A1: Non- Standardized
A2: Average | B2: =AVERAGE(B51:B102) -> 10.019231 | C2: =AVERAGE(C51:C102) -> 45.134615 | D2: =AVERAGE(D51:D102) -> 65.057692 | E2: =AVERAGE(E51:E102) -> 83.903846 | F2: =AVERAGE(F51:F102) -> 84.461538 | G2: =AVERAGE(G51:G102) -> 77.288462 | H2: =AVERAGE(H51:H102) -> 61.153846 | I2: =AVERAGE(I51:I102) -> 50.692308 | ... Q2: =AVERAGE(Q51:Q102) -> 11.384615
A3: Std dev | B3: =STDEV(B51:B102) -> 18.994829 | C3: =STDEV(C51:C102) -> 63.340669 | D3: =STDEV(D51:D102) -> 63.404835 | E3: =STDEV(E51:E102) -> 92.20507 | F3: =STDEV(F51:F102) -> 105.67291 | G3: =STDEV(G51:G102) -> 103.46437 | H3: =STDEV(H51:H102) -> 82.135084 | I3: =STDEV(I51:I102) -> 72.972339 | ... Q3: =STDEV(Q51:Q102) -> 61.928217
A5: Standarized
B6: 5 am to 6 am | C6: 6am to 7am | D6: 7 am to 8 am | E6: 8 am to 9 am | F6: 9am to 10 am | G6: 10 am to 11 am | H6: 11 am to 12 pm | I6: 12 pm to 1 pm | J6: 1pm to 2 pm | K6: 2 pm to 3 pm | L6: 3 pm to 4 pm | M6: 4 pm to 5 pm | N6: 5 pm to 6 pm | O6: 6 pm to 7 pm | P6: 7 pm to 8 pm | Q6: 8 pm to 9 pm
A7: Average | B7: =AVERAGE(B11:B45) -> 0.02155011 | C7: =AVERAGE(C11:C45) -> 0.071851134 | D7: =AVERAGE(D11:D45) -> 0.039195195 | E7: =AVERAGE(E11:E45) -> 0.053720438 | F7: =AVERAGE(F11:F45) -> 0.052140991 | G7: =AVERAGE(G11:G45) -> 0.05299377 | H7: =AVERAGE(H11:H45) -> 0.051349341 | I7: =AVERAGE(I11:I45) -> 0.059031852 | ... Q7: =AVERAGE(Q11:Q45) -> 0.059302974
A8: Std Dev | B8: =STDEV(B11:B45) -> 1.1025579 | C8: =STDEV(C11:C45) -> 1.0952721 | D8: =STDEV(D11:D45) -> 1.0522012 | E8: =STDEV(E11:E45) -> 1.1021762 | F8: =STDEV(F11:F45) -> 1.150597 | G8: =STDEV(G11:G45) -> 1.1612 | H8: =STDEV(H11:H45) -> 1.1549605 | I8: =STDEV(I11:I45) -> 1.1558807 | ... Q8: =STDEV(Q11:Q45) -> 1.2076549
A9: Kurtosis | B9: =KURT(B11:B45) -> 4.0261056 | C9: =KURT(C11:C45) -> 5.0392459 | D9: =KURT(D11:D45) -> 2.644359 | E9: =KURT(E11:E45) -> 9.5598529 | F9: =KURT(F11:F45) -> 16.615819 | G9: =KURT(G11:G45) -> 20.003443 | H9: =KURT(H11:H45) -> 16.621609 | I9: =KURT(I11:I45) -> 15.930715 | ... Q9: =KURT(Q11:Q45) -> 33.990017
A10: Skewness | B10: =SKEW(B11:B45) -> 2.1746036 | C10: =SKEW(C11:C45) -> 2.1923563 | D10: =SKEW(D11:D45) -> 1.5269449 | E10: =SKEW(E11:E45) -> 2.6976646 | F10: =SKEW(F11:F45) -> 3.67488 | G10: =SKEW(G11:G45) -> 4.1102057 | H10: =SKEW(H11:H45) -> 3.7114111 | I10: =SKEW(I11:I45) -> 3.6671052 | ... Q10: =SKEW(Q11:Q45) -> 5.7969973
A11: =A51 -> AK | B11: =STANDARDIZE(B51,B$2,B$3) -> -0.52747148 | C11: =STANDARDIZE(C51,C$2,C$3) -> -0.71256929 | D11: =STANDARDIZE(D51,D$2,D$3) -> -1.0260683 | E11: =STANDARDIZE(E51,E$2,E$3) -> -0.73644374 | F11: =STANDARDIZE(F51,F$2,F$3) -> -0.67625223 | G11: =STANDARDIZE(G51,G$2,G$3) -> -0.65035395 | H11: =STANDARDIZE(H51,H$2,H$3) -> -0.64715154 | I11: =STANDARDIZE(I51,I$2,I$3) -> -0.61245546 | ... Q11: =STANDARDIZE(Q51,Q$2,Q$3) -> 0.042232519
A12: =A52 -> AL | B12: =STANDARDIZE(B52,B$2,B$3) -> -0.52747148 | C12: =STANDARDIZE(C52,C$2,C$3) -> -0.11263878 | D12: =STANDARDIZE(D52,D$2,D$3) -> 0.014861764 | E12: =STANDARDIZE(E52,E$2,E$3) -> -0.32431889 | F12: =STANDARDIZE(F52,F$2,F$3) -> -0.25987303 | G12: =STANDARDIZE(G52,G$2,G$3) -> -0.22508678 | H12: =STANDARDIZE(H52,H$2,H$3) -> -0.33059985 | I12: =STANDARDIZE(I52,I$2,I$3) -> -0.36578665 | ... Q12: =STANDARDIZE(Q52,Q$2,Q$3) -> -0.18383567
A13: =A53 -> AR | B13: =STANDARDIZE(B53,B$2,B$3) -> -0.52747148 | C13: =STANDARDIZE(C53,C$2,C$3) -> -0.23893994 | D13: =STANDARDIZE(D53,D$2,D$3) -> -0.47405994 | E13: =STANDARDIZE(E53,E$2,E$3) -> -0.41108202 | F13: =STANDARDIZE(F53,F$2,F$3) -> -0.46806263 | G13: =STANDARDIZE(G53,G$2,G$3) -> -0.46671585 | H13: =STANDARDIZE(H53,H$2,H$3) -> -0.53757596 | I13: =STANDARDIZE(I53,I$2,I$3) -> -0.36578665 | ... Q13: =STANDARDIZE(Q53,Q$2,Q$3) -> -0.18383567
A14: =A54 -> AZ | B14: =STANDARDIZE(B54,B$2,B$3) -> -0.52747148 | C14: =STANDARDIZE(C54,C$2,C$3) -> -0.71256929 | D14: =STANDARDIZE(D54,D$2,D$3) -> 0.66150015 | E14: =STANDARDIZE(E54,E$2,E$3) -> 0.81444712 | F14: =STANDARDIZE(F54,F$2,F$3) -> 0.47825373 | G14: =STANDARDIZE(G54,G$2,G$3) -> 0.22917588 | H14: =STANDARDIZE(H54,H$2,H$3) -> 0.29032848 | I14: =STANDARDIZE(I54,I$2,I$3) -> 0.34681213 | ... Q14: =STANDARDIZE(Q54,Q$2,Q$3) -> -0.18383567
A15: =A55 -> CA | B15: =STANDARDIZE(B55,B$2,B$3) -> -0.52747148 | C15: =STANDARDIZE(C55,C$2,C$3) -> -0.71256929 | D15: =STANDARDIZE(D55,D$2,D$3) -> -1.0260683 | E15: =STANDARDIZE(E55,E$2,E$3) -> 4.7947055 | F15: =STANDARDIZE(F55,F$2,F$3) -> 5.645141 | G15: =STANDARDIZE(G55,G$2,G$3) -> 5.931622 | H15: =STANDARDIZE(H55,H$2,H$3) -> 5.6595322 | I15: =STANDARDIZE(I55,I$2,I$3) -> 5.6090801 | ... Q15: =STANDARDIZE(Q55,Q$2,Q$3) -> 6.9534601
A16: =A56 -> CO | B16: =STANDARDIZE(B56,B$2,B$3) -> -0.52747148 | C16: =STANDARDIZE(C56,C$2,C$3) -> -0.71256929 | D16: =STANDARDIZE(D56,D$2,D$3) -> 0.50378347 | E16: =STANDARDIZE(E56,E$2,E$3) -> 0.41316767 | F16: =STANDARDIZE(F56,F$2,F$3) -> 0.34576944 | G16: =STANDARDIZE(G56,G$2,G$3) -> 0.30649719 | H16: =STANDARDIZE(H56,H$2,H$3) -> 0.11987757 | I16: =STANDARDIZE(I56,I$2,I$3) -> 0.045328029 | ... Q16: =STANDARDIZE(Q56,Q$2,Q$3) -> -0.18383567
A17: =A57 -> CT | B17: =STANDARDIZE(B57,B$2,B$3) -> -0.52747148 | C17: =STANDARDIZE(C57,C$2,C$3) -> 0.34520293 | D17: =STANDARDIZE(D57,D$2,D$3) -> 0.56687014 | E17: =STANDARDIZE(E57,E$2,E$3) -> 0.16372369 | F17: =STANDARDIZE(F57,F$2,F$3) -> 0.090264022 | G17: =STANDARDIZE(G57,G$2,G$3) -> -0.080109331 | H17: =STANDARDIZE(H57,H$2,H$3) -> -0.16014894 | I17: =STANDARDIZE(I57,I$2,I$3) -> -0.28356372 | ... Q17: =STANDARDIZE(Q57,Q$2,Q$3) -> -0.18383567
A18: =A58 -> DC | B18: =STANDARDIZE(B58,B$2,B$3) -> -0.47482557 | C18: =STANDARDIZE(C58,C$2,C$3) -> -0.52311755 | D18: =STANDARDIZE(D58,D$2,D$3) -> -0.86835164 | E18: =STANDARDIZE(E58,E$2,E$3) -> -0.71475296 | F18: =STANDARDIZE(F58,F$2,F$3) -> -0.61001008 | G18: =STANDARDIZE(G58,G$2,G$3) -> -0.63102362 | H18: =STANDARDIZE(H58,H$2,H$3) -> -0.65932661 | I18: =STANDARDIZE(I58,I$2,I$3) -> -0.58504782 | ... Q18: =STANDARDIZE(Q58,Q$2,Q$3) -> -0.18383567
A19: =A59 -> DE | B19: =STANDARDIZE(B59,B$2,B$3) -> -0.10630423 | C19: =STANDARDIZE(C59,C$2,C$3) -> -0.42839168 | D19: =STANDARDIZE(D59,D$2,D$3) -> -0.75794996 | E19: =STANDARDIZE(E59,E$2,E$3) -> -0.79067069 | F19: =STANDARDIZE(F59,F$2,F$3) -> -0.6573259 | G19: =STANDARDIZE(G59,G$2,G$3) -> -0.63102362 | H19: =STANDARDIZE(H59,H$2,H$3) -> -0.61062635 | I19: =STANDARDIZE(I59,I$2,I$3) -> -0.55764017 | ... Q19: =STANDARDIZE(Q59,Q$2,Q$3) -> -0.18383567
A20: =A60 -> FL | B20: =STANDARDIZE(B60,B$2,B$3) -> 3.5789092 | C20: =STANDARDIZE(C60,C$2,C$3) -> 3.4237937 | D20: =STANDARDIZE(D60,D$2,D$3) -> 2.9168487 | E20: =STANDARDIZE(E60,E$2,E$3) -> 1.7146145 | F20: =STANDARDIZE(F60,F$2,F$3) -> 1.3772543 | G20: =STANDARDIZE(G60,G$2,G$3) -> 1.0410496 | H20: =STANDARDIZE(H60,H$2,H$3) -> 1.7148111 | I20: =STANDARDIZE(I60,I$2,I$3) -> 1.6349715 | ... Q20: =STANDARDIZE(Q60,Q$2,Q$3) -> -0.18383567
A21: =A61 -> GA | B21: =STANDARDIZE(B61,B$2,B$3) -> 1.3151352 | C21: =STANDARDIZE(C61,C$2,C$3) -> 1.3398246 | D21: =STANDARDIZE(D61,D$2,D$3) -> 0.99270518 | E21: =STANDARDIZE(E61,E$2,E$3) -> 0.67345705 | F21: =STANDARDIZE(F61,F$2,F$3) -> 0.55395904 | G21: =STANDARDIZE(G61,G$2,G$3) -> 0.40314882 | H21: =STANDARDIZE(H61,H$2,H$3) -> 0.46077939 | I21: =STANDARDIZE(I61,I$2,I$3) -> 0.34681213 | ... Q21: =STANDARDIZE(Q61,Q$2,Q$3) -> -0.18383567
A22: =A62 -> HI | B22: =STANDARDIZE(B62,B$2,B$3) -> -0.52747148 | C22: =STANDARDIZE(C62,C$2,C$3) -> -0.41260403 | D22: =STANDARDIZE(D62,D$2,D$3) -> -0.80526497 | E22: =STANDARDIZE(E62,E$2,E$3) -> -0.81236147 | F22: =STANDARDIZE(F62,F$2,F$3) -> -0.68571539 | G22: =STANDARDIZE(G62,G$2,G$3) -> -0.61169329 | H22: =STANDARDIZE(H62,H$2,H$3) -> -0.59845128 | I22: =STANDARDIZE(I62,I$2,I$3) -> -0.53023253 | ... Q22: =STANDARDIZE(Q62,Q$2,Q$3) -> -0.18383567
... A45: =A85 -> NY | B45: =STANDARDIZE(B85,B$2,B$3) -> 3.3156796 | C45: =STANDARDIZE(C85,C$2,C$3) -> 3.8342725 | D45: =STANDARDIZE(D85,D$2,D$3) -> 3.3584554 | E45: =STANDARDIZE(E85,E$2,E$3) -> 2.1809663 | F45: =STANDARDIZE(F85,F$2,F$3) -> 1.7179282 | G45: =STANDARDIZE(G85,G$2,G$3) -> 1.7466065 | H45: =STANDARDIZE(H85,H$2,H$3) -> 1.7756864 | I45: =STANDARDIZE(I85,I$2,I$3) -> 2.1557167 | ... Q45: =STANDARDIZE(Q85,Q$2,Q$3) -> -0.18383567
A50: ='Data- Refined'!A3 -> 0 | B50: ='Data- Refined'!B3 -> 5 am to 6 am | C50: ='Data- Refined'!C3 -> 6am to 7am | D50: ='Data- Refined'!D3 -> 7 am to 8 am | E50: ='Data- Refined'!E3 -> 8 am to 9 am | F50: ='Data- Refined'!F3 -> 9am to 10 am | G50: ='Data- Refined'!G3 -> 10 am to 11 am | H50: ='Data- Refined'!H3 -> 11 am to 12 pm | ... Q50: ='Data- Refined'!Q3 -> 8 pm to 9 pm
A51: ='Data- Refined'!A4 -> AK | B51: ='Data- Refined'!B4 -> 0 | C51: ='Data- Refined'!C4 -> 0 | D51: ='Data- Refined'!D4 -> 0 | E51: ='Data- Refined'!E4 -> 16 | F51: ='Data- Refined'!F4 -> 13 | G51: ='Data- Refined'!G4 -> 10 | H51: ='Data- Refined'!H4 -> 8 | ... Q51: ='Data- Refined'!Q4 -> 14
A52: ='Data- Refined'!A5 -> AL | B52: ='Data- Refined'!B5 -> 0 | C52: ='Data- Refined'!C5 -> 38 | D52: ='Data- Refined'!D5 -> 66 | E52: ='Data- Refined'!E5 -> 54 | F52: ='Data- Refined'!F5 -> 57 | G52: ='Data- Refined'!G5 -> 54 | H52: ='Data- Refined'!H5 -> 34 | ... Q52: ='Data- Refined'!Q5 -> 0
A53: ='Data- Refined'!A6 -> AR | B53: ='Data- Refined'!B6 -> 0 | C53: ='Data- Refined'!C6 -> 30 | D53: ='Data- Refined'!D6 -> 35 | E53: ='Data- Refined'!E6 -> 46 | F53: ='Data- Refined'!F6 -> 35 | G53: ='Data- Refined'!G6 -> 29 | H53: ='Data- Refined'!H6 -> 17 | ... Q53: ='Data- Refined'!Q6 -> 0
A54: ='Data- Refined'!A7 -> AZ | B54: ='Data- Refined'!B7 -> 0 | C54: ='Data- Refined'!C7 -> 0 | D54: ='Data- Refined'!D7 -> 107 | E54: ='Data- Refined'!E7 -> 159 | F54: ='Data- Refined'!F7 -> 135 | G54: ='Data- Refined'!G7 -> 101 | H54: ='Data- Refined'!H7 -> 85 | ... Q54: ='Data- Refined'!Q7 -> 0
A55: ='Data- Refined'!A8 -> CA | B55: ='Data- Refined'!B8 -> 0 | C55: ='Data- Refined'!C8 -> 0 | D55: ='Data- Refined'!D8 -> 0 | E55: ='Data- Refined'!E8 -> 526 | F55: ='Data- Refined'!F8 -> 681 | G55: ='Data- Refined'!G8 -> 691 | H55: ='Data- Refined'!H8 -> 526 | ... Q55: ='Data- Refined'!Q8 -> 442
A56: ='Data- Refined'!A9 -> CO | B56: ='Data- Refined'!B9 -> 0 | C56: ='Data- Refined'!C9 -> 0 | D56: ='Data- Refined'!D9 -> 97 | E56: ='Data- Refined'!E9 -> 122 | F56: ='Data- Refined'!F9 -> 121 | G56: ='Data- Refined'!G9 -> 109 | H56: ='Data- Refined'!H9 -> 71 | ... Q56: ='Data- Refined'!Q9 -> 0
A57: ='Data- Refined'!A10 -> CT | B57: ='Data- Refined'!B10 -> 0 | C57: ='Data- Refined'!C10 -> 67 | D57: ='Data- Refined'!D10 -> 101 | E57: ='Data- Refined'!E10 -> 99 | F57: ='Data- Refined'!F10 -> 94 | G57: ='Data- Refined'!G10 -> 69 | H57: ='Data- Refined'!H10 -> 48 | ... Q57: ='Data- Refined'!Q10 -> 0
A58: ='Data- Refined'!A11 -> DC | B58: ='Data- Refined'!B11 -> 1 | C58: ='Data- Refined'!C11 -> 12 | D58: ='Data- Refined'!D11 -> 10 | E58: ='Data- Refined'!E11 -> 18 | F58: ='Data- Refined'!F11 -> 20 | G58: ='Data- Refined'!G11 -> 12 | H58: ='Data- Refined'!H11 -> 7 | ... Q58: ='Data- Refined'!Q11 -> 0
A59: ='Data- Refined'!A12 -> DE | B59: ='Data- Refined'!B12 -> 8 | C59: ='Data- Refined'!C12 -> 18 | D59: ='Data- Refined'!D12 -> 17 | E59: ='Data- Refined'!E12 -> 11 | F59: ='Data- Refined'!F12 -> 15 | G59: ='Data- Refined'!G12 -> 12 | H59: ='Data- Refined'!H12 -> 11 | ... Q59: ='Data- Refined'!Q12 -> 0
A60: ='Data- Refined'!A13 -> FL | B60: ='Data- Refined'!B13 -> 78 | C60: ='Data- Refined'!C13 -> 262 | D60: ='Data- Refined'!D13 -> 250 | E60: ='Data- Refined'!E13 -> 242 | F60: ='Data- Refined'!F13 -> 230 | G60: ='Data- Refined'!G13 -> 185 | H60: ='Data- Refined'!H13 -> 202 | ... Q60: ='Data- Refined'!Q13 -> 0
A61: ='Data- Refined'!A14 -> GA | B61: ='Data- Refined'!B14 -> 35 | C61: ='Data- Refined'!C14 -> 130 | D61: ='Data- Refined'!D14 -> 128 | E61: ='Data- Refined'!E14 -> 146 | F61: ='Data- Refined'!F14 -> 143 | G61: ='Data- Refined'!G14 -> 119 | H61: ='Data- Refined'!H14 -> 99 | ... Q61: ='Data- Refined'!Q14 -> 0
... A103: ='Data- Refined'!A56 -> Totals | B103: ='Data- Refined'!B56 -> 521 | C103: ='Data- Refined'!C56 -> 2347 | D103: ='Data- Refined'!D56 -> 3383 | E103: ='Data- Refined'!E56 -> 4363 | F103: ='Data- Refined'!F56 -> 4392 | G103: ='Data- Refined'!G56 -> 4019 | H103: ='Data- Refined'!H56 -> 3180 | ... Q103: ='Data- Refined'!Q56 -> 592

Sheet Data- Extract
B1: LD_HL_PURP_ID / Hour of LD_CRTE_TMS
B2: Lead Volume - Raw Data | AC2: Lead Volume- FTC Adjusted | BG2: Lead Volume- FTC & Work Shift Adjusted | CI2: Lead Volume - Work Shift Adjusted | DC2: State FTC Hours
A3: LD_PRPRTY_ST_CDE | B3: 0 | C3: 1 | D3: 2 | E3: 3 | F3: 4 | G3: 5 | H3: 6 | I3: 7 | J3: 8 | K3: 9 | L3: 10 | M3: 11 | N3: 12 | O3: 13 | P3: 14 | Q3: 15 | R3: 16 | S3: 17 | T3: 18 | U3: 19 | V3: 20 | W3: 21 | X3: 22 | Y3: 23 | Z3: Total | AA3: 117 | AB3: =AK8-AA3-I8 -> -117 | AC3: LD_PRPRTY_ST_CDE | AD3: 0 | AE3: 1 | AF3: 2 | AG3: 3 | AH3: 4 | AI3: 5 | AJ3: 6 | AK3: 7 | AL3: 8 | AM3: 9 | AN3: 10 | AO3: 11 | AP3: 12 | AQ3: 13 | AR3: 14 | AS3: 15 | AT3: 16 | AU3: 17 | AV3: 18 | AW3: 19 | AX3: 20 | AY3: 21 | AZ3: 22 | BA3: 23 | BB3: Total | BG3: LD_PRPRTY_ST_CDE | BH3: 0 | BI3: 1 | BJ3: 2 | BK3: 3 | BL3: 4 | BM3: 5 | BN3: 6 | BO3: 7 | BP3: 8 | BQ3: 9 | BR3: 10 | BS3: 11 | BT3: 12 | BU3: 13 | BV3: 14 | BW3: 15 | BX3: 16 | BY3: 17 | BZ3: 18 | CA3: 19 | CB3: 20 | CC3: 21 | CD3: 22 | CE3: 23 | CF3: Total | CI3: LD_PRPRTY_ST_CDE | CJ3: 5 am to 6 am | CK3: 6am to 7am | CL3: 7 am to 8 am | CM3: 8 am to 9 am | CN3: 9am to 10 am | CO3: 10 am to 11 am | CP3: 11 am to 12 pm | CQ3: 12 pm to 1 pm | CR3: 1pm to 2 pm | CS3: 2 pm to 3 pm | CT3: 3 pm to 4 pm | CU3: 4 pm to 5 pm | CV3: 5 pm to 6 pm | CW3: 6 pm to 7 pm | CX3: 7 pm to 8 pm | CY3: 8 pm to 9 pm | CZ3: Total | DC3: StateCode | DD3: =FTC!E2 -> Daily Till(in PST) | DE3: =FTC!F2 -> Daily From(in PST) | DF3: From - 24 hr format | DG3: Till - 24 hr format | DH3: Duration
A4: - | F4: 1 | G4: 2 | H4: 1 | I4: 1 | J4: 5 | K4: 6 | M4: 4 | N4: 3 | O4: 2 | P4: 2 | Q4: 3 | R4: 1 | S4: 1 | T4: 1 | Z4: =SUM(B4:Y4) -> 33 | AC4: - | BB4: =SUM(AD4:BA4) -> 0 | BD4: =IF(Z4=BB4,TRUE,FALSE) -> FALSE | BG4: - | CF4: =SUM(BH4:CE4) -> 0 | CI4: - | CJ4: 5 | CK4: 6 | CL4: 7 | CM4: 8 | CN4: 9 | CO4: 10 | CP4: 11 | CQ4: 12 | CR4: 13 | CS4: 14 | CT4: 15 | CU4: 16 | CV4: 17 | CW4: 18 | CX4: 19 | CY4: 20
A5: AK | B5: 2 | C5: 2 | E5: 1 | F5: 1 | G5: 2 | H5: 14 | I5: 9 | J5: 16 | K5: 13 | L5: 10 | M5: 8 | N5: 6 | O5: 8 | P5: 6 | Q5: 5 | R5: 4 | S5: 4 | T5: 1 | U5: 2 | W5: 7 | X5: 3 | Y5: 4 | Z5: =SUM(B5:Y5) -> 128 | AC5: AK | AD5: =ROUND(IF(AD$3<$DF5,0, IF(AD$3=$DF5+'Model Setup'!$B$7,SUMIF($AD$3:$BA$3,"="&$DF5+'Model Setup'!$B$7,$B5:$Y5)+'Model Setup'!$B$8*(SUMIF($AD$3:$BA$3,"<"&$DF5,$B5:$Y5)+SUMIF($AD$3:$BA$3,">="&$DG5,$B5:$Y5)), IF(AD$3=$DF5+'Model Setup'!$C$7,SUMIF($AD$3:$BA$3,"="&$DF5+'Model Setup'!$C$7,$B5:$Y5)+'Model Setup'!$C$8*(SUMIF($AD$3:$BA$3,"<"&$DF5,$B5:$Y5)+SUMIF($AD$3:$BA$3,">="&$DG5,$B5:$Y5)), IF(AD$3=$DF5+'Model Setup'!$D$7,SUMIF($AD$3:$BA$3,"="&$DF5+'Model Setup'!$D$7,$B5:$Y5)+'Model Setup'!$D$8*(SUMIF($AD$3:$BA$3,"<"&$DF5,$B5:$Y5)+SUMIF($AD$3:$BA$3,">="&$DG5,$B5:$Y5)), IF(AD$3=$DF5+'Model Setup'!$E$7,SUMIF($AD$3:$BA$3,"="&$DF5+'Model Setup'!$E$7,$B5:$Y5)+'Model Setup'!$E$8*(SUMIF($AD$3:$BA$3,"<"&$DF5,$B5:$Y5)+SUMIF($AD$3:$BA$3,">="&$DG5,$B5:$Y5)), IF(AD$3=$DF5+'Model Setup'!$F$7,SUMIF($AD$3:$BA$3,"="&$DF5+'Model Setup'!$F$7,$B5:$Y5)+'Model Setup'!$F$8*(SUMIF($AD$3:$BA$3,"<"&$DF5,$B5:$Y5)+SUMIF($AD$3:$BA$3,">="&$DG5,$B5:$Y5)), IF(AD$3=$DF5+'Model Setup'!$G$7,SUMIF($AD$3:$BA$3,"="&$DF5+'Model Setup'!$G$7,$B5:$Y5)+'Model Setup'!$G$8*(SUMIF($AD$3:$BA$3,"<"&$DF5,$B5:$Y5)+SUMIF($AD$3:$BA$3,">="&$DG5,$B5:$Y5)), IF(AD$3=$DF5+'Model Setup'!$H$7,SUMIF($AD$3:$BA$3,"="&$DF5+'Model Setup'!$H$7,$B5:$Y5)+'Model Setup'!$H$8*(SUMIF($AD$3:$BA$3,"<"&$DF5,$B5:$Y5)+SUMIF($AD$3:$BA$3,">="&$DG5,$B5:$Y5)), IF(AD$3=$DF5+'Model Setup'!$I$7,SUMIF($AD$3:$BA$3,"="&$DF5+'Model Setup'!$I$7,$B5:$Y5)+'Model Setup'!$I$8*(SUMIF($AD$3:$BA$3,"<"&$DF5,$B5:$Y5)+SUMIF($AD$3:$BA$3,">="&$DG5,$B5:$Y5)), IF(AD$3=$DF5+'Model Setup'!$J$7,SUMIF($AD$3:$BA$3,"="&$DF5+'Model Setup'!$J$7,$B5:$Y5)+'Model Setup'!$J$8*(SUMIF($AD$3:$BA$3,"<"&$DF5,$B5:$Y5)+SUMIF($AD$3:$BA$3,">="&$DG5,$B5:$Y5)), IF(AD$3=$DF5+'Model Setup'!$K$7,SUMIF($AD$3:$BA$3,"="&$DF5+'Model Setup'!$K$7,$B5:$Y5)+'Model Setup'!$K$8*(SUMIF($AD$3:$BA$3,"<"&$DF5,$B5:$Y5)+SUMIF($AD$3:$BA$3,">="&$DG5,$B5:$Y5)), IF(AD$3=$DF5+'Model Setup'!$L$7,SUMIF($AD$3:$BA$3,"="&$DF5+'Model Setup'!$L$7,$B5:$Y5)+'Model Setup'!$L$8*(SUMIF($AD$3:$BA$3,"<"&$DF5,$B5:$Y5)+SUMIF($AD$3:$BA$3,">="&$DG5,$B5:$Y5)), IF(AD$3=$DF5+'Model Setup'!$M$7,SUMIF($AD$3:$BA$3,"="&$DF5+'Model Setup'!$M$7,$B5:$Y5)+'Model Setup'!$M$8*(SUMIF($AD$3:$BA$3,"<"&$DF5,$B5:$Y5)+SUMIF($AD$3:$BA$3,">="&$DG5,$B5:$Y5)), IF(AD$3=$DF5+'Model Setup'!$N$7,SUMIF($AD$3:$BA$3,"="&$DF5+'Model Setup'!$N$7,$B5:$Y5)+'Model Setup'!$N$8*(SUMIF($AD$3:$BA$3,"<"&$DF5,$B5:$Y5)+SUMIF($AD$3:$BA$3,">="&$DG5,$B5:$Y5)), IF(AD$3<$DG5,B5,0))))))))))))))),0) -> 0 | AE5: =ROUND(IF(AE$3<$DF5,0, IF(AE$3=$DF5+'Model Setup'!$B$7,SUMIF($AD$3:$BA$3,"="&$DF5+'Model Setup'!$B$7,$B5:$Y5)+'Model Setup'!$B$8*(SUMIF($AD$3:$BA$3,"<"&$DF5,$B5:$Y5)+SUMIF($AD$3:$BA$3,">="&$DG5,$B5:$Y5)), IF(AE$3=$DF5+'Model Setup'!$C$7,SUMIF($AD$3:$BA$3,"="&$DF5+'Model Setup'!$C$7,$B5:$Y5)+'Model Setup'!$C$8*(SUMIF($AD$3:$BA$3,"<"&$DF5,$B5:$Y5)+SUMIF($AD$3:$BA$3,">="&$DG5,$B5:$Y5)), IF(AE$3=$DF5+'Model Setup'!$D$7,SUMIF($AD$3:$BA$3,"="&$DF5+'Model Setup'!$D$7,$B5:$Y5)+'Model Setup'!$D$8*(SUMIF($AD$3:$BA$3,"<"&$DF5,$B5:$Y5)+SUMIF($AD$3:$BA$3,">="&$DG5,$B5:$Y5)), IF(AE$3=$DF5+'Model Setup'!$E$7,SUMIF($AD$3:$BA$3,"="&$DF5+'Model Setup'!$E$7,$B5:$Y5)+'Model Setup'!$E$8*(SUMIF($AD$3:$BA$3,"<"&$DF5,$B5:$Y5)+SUMIF($AD$3:$BA$3,">="&$DG5,$B5:$Y5)), IF(AE$3=$DF5+'Model Setup'!$F$7,SUMIF($AD$3:$BA$3,"="&$DF5+'Model Setup'!$F$7,$B5:$Y5)+'Model Setup'!$F$8*(SUMIF($AD$3:$BA$3,"<"&$DF5,$B5:$Y5)+SUMIF($AD$3:$BA$3,">="&$DG5,$B5:$Y5)), IF(AE$3=$DF5+'Model Setup'!$G$7,SUMIF($AD$3:$BA$3,"="&$DF5+'Model Setup'!$G$7,$B5:$Y5)+'Model Setup'!$G$8*(SUMIF($AD$3:$BA$3,"<"&$DF5,$B5:$Y5)+SUMIF($AD$3:$BA$3,">="&$DG5,$B5:$Y5)), IF(AE$3=$DF5+'Model Setup'!$H$7,SUMIF($AD$3:$BA$3,"="&$DF5+'Model Setup'!$H$7,$B5:$Y5)+'Model Setup'!$H$8*(SUMIF($AD$3:$BA$3,"<"&$DF5,$B5:$Y5)+SUMIF($AD$3:$BA$3,">="&$DG5,$B5:$Y5)), IF(AE$3=$DF5+'Model Setup'!$I$7,SUMIF($AD$3:$BA$3,"="&$DF5+'Model Setup'!$I$7,$B5:$Y5)+'Model Setup'!$I$8*(SUMIF($AD$3:$BA$3,"<"&$DF5,$B5:$Y5)+SUMIF($AD$3:$BA$3,">="&$DG5,$B5:$Y5)), IF(AE$3=$DF5+'Model Setup'!$J$7,SUMIF($AD$3:$BA$3,"="&$DF5+'Model Setup'!$J$7,$B5:$Y5)+'Model Setup'!$J$8*(SUMIF($AD$3:$BA$3,"<"&$DF5,$B5:$Y5)+SUMIF($AD$3:$BA$3,">="&$DG5,$B5:$Y5)), IF(AE$3=$DF5+'Model Setup'!$K$7,SUMIF($AD$3:$BA$3,"="&$DF5+'Model Setup'!$K$7,$B5:$Y5)+'Model Setup'!$K$8*(SUMIF($AD$3:$BA$3,"<"&$DF5,$B5:$Y5)+SUMIF($AD$3:$BA$3,">="&$DG5,$B5:$Y5)), IF(AE$3=$DF5+'Model Setup'!$L$7,SUMIF($AD$3:$BA$3,"="&$DF5+'Model Setup'!$L$7,$B5:$Y5)+'Model Setup'!$L$8*(SUMIF($AD$3:$BA$3,"<"&$DF5,$B5:$Y5)+SUMIF($AD$3:$BA$3,">="&$DG5,$B5:$Y5)), IF(AE$3=$DF5+'Model Setup'!$M$7,SUMIF($AD$3:$BA$3,"="&$DF5+'Model Setup'!$M$7,$B5:$Y5)+'Model Setup'!$M$8*(SUMIF($AD$3:$BA$3,"<"&$DF5,$B5:$Y5)+SUMIF($AD$3:$BA$3,">="&$DG5,$B5:$Y5)), IF(AE$3=$DF5+'Model Setup'!$N$7,SUMIF($AD$3:$BA$3,"="&$DF5+'Model Setup'!$N$7,$B5:$Y5)+'Model Setup'!$N$8*(SUMIF($AD$3:$BA$3,"<"&$DF5,$B5:$Y5)+SUMIF($AD$3:$BA$3,">="&$DG5,$B5:$Y5)), IF(AE$3<$DG5,C5,0))))))))))))))),0) -> 0 | AF5: =ROUND(IF(AF$3<$DF5,0, IF(AF$3=$DF5+'Model Setup'!$B$7,SUMIF($AD$3:$BA$3,"="&$DF5+'Model Setup'!$B$7,$B5:$Y5)+'Model Setup'!$B$8*(SUMIF($AD$3:$BA$3,"<"&$DF5,$B5:$Y5)+SUMIF($AD$3:$BA$3,">="&$DG5,$B5:$Y5)), IF(AF$3=$DF5+'Model Setup'!$C$7,SUMIF($AD$3:$BA$3,"="&$DF5+'Model Setup'!$C$7,$B5:$Y5)+'Model Setup'!$C$8*(SUMIF($AD$3:$BA$3,"<"&$DF5,$B5:$Y5)+SUMIF($AD$3:$BA$3,">="&$DG5,$B5:$Y5)), IF(AF$3=$DF5+'Model Setup'!$D$7,SUMIF($AD$3:$BA$3,"="&$DF5+'Model Setup'!$D$7,$B5:$Y5)+'Model Setup'!$D$8*(SUMIF($AD$3:$BA$3,"<"&$DF5,$B5:$Y5)+SUMIF($AD$3:$BA$3,">="&$DG5,$B5:$Y5)), IF(AF$3=$DF5+'Model Setup'!$E$7,SUMIF($AD$3:$BA$3,"="&$DF5+'Model Setup'!$E$7,$B5:$Y5)+'Model Setup'!$E$8*(SUMIF($AD$3:$BA$3,"<"&$DF5,$B5:$Y5)+SUMIF($AD$3:$BA$3,">="&$DG5,$B5:$Y5)), IF(AF$3=$DF5+'Model Setup'!$F$7,SUMIF($AD$3:$BA$3,"="&$DF5+'Model Setup'!$F$7,$B5:$Y5)+'Model Setup'!$F$8*(SUMIF($AD$3:$BA$3,"<"&$DF5,$B5:$Y5)+SUMIF($AD$3:$BA$3,">="&$DG5,$B5:$Y5)), IF(AF$3=$DF5+'Model Setup'!$G$7,SUMIF($AD$3:$BA$3,"="&$DF5+'Model Setup'!$G$7,$B5:$Y5)+'Model Setup'!$G$8*(SUMIF($AD$3:$BA$3,"<"&$DF5,$B5:$Y5)+SUMIF($AD$3:$BA$3,">="&$DG5,$B5:$Y5)), IF(AF$3=$DF5+'Model Setup'!$H$7,SUMIF($AD$3:$BA$3,"="&$DF5+'Model Setup'!$H$7,$B5:$Y5)+'Model Setup'!$H$8*(SUMIF($AD$3:$BA$3,"<"&$DF5,$B5:$Y5)+SUMIF($AD$3:$BA$3,">="&$DG5,$B5:$Y5)), IF(AF$3=$DF5+'Model Setup'!$I$7,SUMIF($AD$3:$BA$3,"="&$DF5+'Model Setup'!$I$7,$B5:$Y5)+'Model Setup'!$I$8*(SUMIF($AD$3:$BA$3,"<"&$DF5,$B5:$Y5)+SUMIF($AD$3:$BA$3,">="&$DG5,$B5:$Y5)), IF(AF$3=$DF5+'Model Setup'!$J$7,SUMIF($AD$3:$BA$3,"="&$DF5+'Model Setup'!$J$7,$B5:$Y5)+'Model Setup'!$J$8*(SUMIF($AD$3:$BA$3,"<"&$DF5,$B5:$Y5)+SUMIF($AD$3:$BA$3,">="&$DG5,$B5:$Y5)), IF(AF$3=$DF5+'Model Setup'!$K$7,SUMIF($AD$3:$BA$3,"="&$DF5+'Model Setup'!$K$7,$B5:$Y5)+'Model Setup'!$K$8*(SUMIF($AD$3:$BA$3,"<"&$DF5,$B5:$Y5)+SUMIF($AD$3:$BA$3,">="&$DG5,$B5:$Y5)), IF(AF$3=$DF5+'Model Setup'!$L$7,SUMIF($AD$3:$BA$3,"="&$DF5+'Model Setup'!$L$7,$B5:$Y5)+'Model Setup'!$L$8*(SUMIF($AD$3:$BA$3,"<"&$DF5,$B5:$Y5)+SUMIF($AD$3:$BA$3,">="&$DG5,$B5:$Y5)), IF(AF$3=$DF5+'Model Setup'!$M$7,SUMIF($AD$3:$BA$3,"="&$DF5+'Model Setup'!$M$7,$B5:$Y5)+'Model Setup'!$M$8*(SUMIF($AD$3:$BA$3,"<"&$DF5,$B5:$Y5)+SUMIF($AD$3:$BA$3,">="&$DG5,$B5:$Y5)), IF(AF$3=$DF5+'Model Setup'!$N$7,SUMIF($AD$3:$BA$3,"="&$DF5+'Model Setup'!$N$7,$B5:$Y5)+'Model Setup'!$N$8*(SUMIF($AD$3:$BA$3,"<"&$DF5,$B5:$Y5)+SUMIF($AD$3:$BA$3,">="&$DG5,$B5:$Y5)), IF(AF$3<$DG5,D5,0))))))))))))))),0) -> 0 | AG5: =ROUND(IF(AG$3<$DF5,0, IF(AG$3=$DF5+'Model Setup'!$B$7,SUMIF($AD$3:$BA$3,"="&$DF5+'Model Setup'!$B$7,$B5:$Y5)+'Model Setup'!$B$8*(SUMIF($AD$3:$BA$3,"<"&$DF5,$B5:$Y5)+SUMIF($AD$3:$BA$3,">="&$DG5,$B5:$Y5)), IF(AG$3=$DF5+'Model Setup'!$C$7,SUMIF($AD$3:$BA$3,"="&$DF5+'Model Setup'!$C$7,$B5:$Y5)+'Model Setup'!$C$8*(SUMIF($AD$3:$BA$3,"<"&$DF5,$B5:$Y5)+SUMIF($AD$3:$BA$3,">="&$DG5,$B5:$Y5)), IF(AG$3=$DF5+'Model Setup'!$D$7,SUMIF($AD$3:$BA$3,"="&$DF5+'Model Setup'!$D$7,$B5:$Y5)+'Model Setup'!$D$8*(SUMIF($AD$3:$BA$3,"<"&$DF5,$B5:$Y5)+SUMIF($AD$3:$BA$3,">="&$DG5,$B5:$Y5)), IF(AG$3=$DF5+'Model Setup'!$E$7,SUMIF($AD$3:$BA$3,"="&$DF5+'Model Setup'!$E$7,$B5:$Y5)+'Model Setup'!$E$8*(SUMIF($AD$3:$BA$3,"<"&$DF5,$B5:$Y5)+SUMIF($AD$3:$BA$3,">="&$DG5,$B5:$Y5)), IF(AG$3=$DF5+'Model Setup'!$F$7,SUMIF($AD$3:$BA$3,"="&$DF5+'Model Setup'!$F$7,$B5:$Y5)+'Model Setup'!$F$8*(SUMIF($AD$3:$BA$3,"<"&$DF5,$B5:$Y5)+SUMIF($AD$3:$BA$3,">="&$DG5,$B5:$Y5)), IF(AG$3=$DF5+'Model Setup'!$G$7,SUMIF($AD$3:$BA$3,"="&$DF5+'Model Setup'!$G$7,$B5:$Y5)+'Model Setup'!$G$8*(SUMIF($AD$3:$BA$3,"<"&$DF5,$B5:$Y5)+SUMIF($AD$3:$BA$3,">="&$DG5,$B5:$Y5)), IF(AG$3=$DF5+'Model Setup'!$H$7,SUMIF($AD$3:$BA$3,"="&$DF5+'Model Setup'!$H$7,$B5:$Y5)+'Model Setup'!$H$8*(SUMIF($AD$3:$BA$3,"<"&$DF5,$B5:$Y5)+SUMIF($AD$3:$BA$3,">="&$DG5,$B5:$Y5)), IF(AG$3=$DF5+'Model Setup'!$I$7,SUMIF($AD$3:$BA$3,"="&$DF5+'Model Setup'!$I$7,$B5:$Y5)+'Model Setup'!$I$8*(SUMIF($AD$3:$BA$3,"<"&$DF5,$B5:$Y5)+SUMIF($AD$3:$BA$3,">="&$DG5,$B5:$Y5)), IF(AG$3=$DF5+'Model Setup'!$J$7,SUMIF($AD$3:$BA$3,"="&$DF5+'Model Setup'!$J$7,$B5:$Y5)+'Model Setup'!$J$8*(SUMIF($AD$3:$BA$3,"<"&$DF5,$B5:$Y5)+SUMIF($AD$3:$BA$3,">="&$DG5,$B5:$Y5)), IF(AG$3=$DF5+'Model Setup'!$K$7,SUMIF($AD$3:$BA$3,"="&$DF5+'Model Setup'!$K$7,$B5:$Y5)+'Model Setup'!$K$8*(SUMIF($AD$3:$BA$3,"<"&$DF5,$B5:$Y5)+SUMIF($AD$3:$BA$3,">="&$DG5,$B5:$Y5)), IF(AG$3=$DF5+'Model Setup'!$L$7,SUMIF($AD$3:$BA$3,"="&$DF5+'Model Setup'!$L$7,$B5:$Y5)+'Model Setup'!$L$8*(SUMIF($AD$3:$BA$3,"<"&$DF5,$B5:$Y5)+SUMIF($AD$3:$BA$3,">="&$DG5,$B5:$Y5)), IF(AG$3=$DF5+'Model Setup'!$M$7,SUMIF($AD$3:$BA$3,"="&$DF5+'Model Setup'!$M$7,$B5:$Y5)+'Model Setup'!$M$8*(SUMIF($AD$3:$BA$3,"<"&$DF5,$B5:$Y5)+SUMIF($AD$3:$BA$3,">="&$DG5,$B5:$Y5)), IF(AG$3=$DF5+'Model Setup'!$N$7,SUMIF($AD$3:$BA$3,"="&$DF5+'Model Setup'!$N$7,$B5:$Y5)+'Model Setup'!$N$8*(SUMIF($AD$3:$BA$3,"<"&$DF5,$B5:$Y5)+SUMIF($AD$3:$BA$3,">="&$DG5,$B5:$Y5)), IF(AG$3<$DG5,E5,0))))))))))))))),0) -> 0 | AH5: =ROUND(IF(AH$3<$DF5,0, IF(AH$3=$DF5+'Model Setup'!$B$7,SUMIF($AD$3:$BA$3,"="&$DF5+'Model Setup'!$B$7,$B5:$Y5)+'Model Setup'!$B$8*(SUMIF($AD$3:$BA$3,"<"&$DF5,$B5:$Y5)+SUMIF($AD$3:$BA$3,">="&$DG5,$B5:$Y5)), IF(AH$3=$DF5+'Model Setup'!$C$7,SUMIF($AD$3:$BA$3,"="&$DF5+'Model Setup'!$C$7,$B5:$Y5)+'Model Setup'!$C$8*(SUMIF($AD$3:$BA$3,"<"&$DF5,$B5:$Y5)+SUMIF($AD$3:$BA$3,">="&$DG5,$B5:$Y5)), IF(AH$3=$DF5+'Model Setup'!$D$7,SUMIF($AD$3:$BA$3,"="&$DF5+'Model Setup'!$D$7,$B5:$Y5)+'Model Setup'!$D$8*(SUMIF($AD$3:$BA$3,"<"&$DF5,$B5:$Y5)+SUMIF($AD$3:$BA$3,">="&$DG5,$B5:$Y5)), IF(AH$3=$DF5+'Model Setup'!$E$7,SUMIF($AD$3:$BA$3,"="&$DF5+'Model Setup'!$E$7,$B5:$Y5)+'Model Setup'!$E$8*(SUMIF($AD$3:$BA$3,"<"&$DF5,$B5:$Y5)+SUMIF($AD$3:$BA$3,">="&$DG5,$B5:$Y5)), IF(AH$3=$DF5+'Model Setup'!$F$7,SUMIF($AD$3:$BA$3,"="&$DF5+'Model Setup'!$F$7,$B5:$Y5)+'Model Setup'!$F$8*(SUMIF($AD$3:$BA$3,"<"&$DF5,$B5:$Y5)+SUMIF($AD$3:$BA$3,">="&$DG5,$B5:$Y5)), IF(AH$3=$DF5+'Model Setup'!$G$7,SUMIF($AD$3:$BA$3,"="&$DF5+'Model Setup'!$G$7,$B5:$Y5)+'Model Setup'!$G$8*(SUMIF($AD$3:$BA$3,"<"&$DF5,$B5:$Y5)+SUMIF($AD$3:$BA$3,">="&$DG5,$B5:$Y5)), IF(AH$3=$DF5+'Model Setup'!$H$7,SUMIF($AD$3:$BA$3,"="&$DF5+'Model Setup'!$H$7,$B5:$Y5)+'Model Setup'!$H$8*(SUMIF($AD$3:$BA$3,"<"&$DF5,$B5:$Y5)+SUMIF($AD$3:$BA$3,">="&$DG5,$B5:$Y5)), IF(AH$3=$DF5+'Model Setup'!$I$7,SUMIF($AD$3:$BA$3,"="&$DF5+'Model Setup'!$I$7,$B5:$Y5)+'Model Setup'!$I$8*(SUMIF($AD$3:$BA$3,"<"&$DF5,$B5:$Y5)+SUMIF($AD$3:$BA$3,">="&$DG5,$B5:$Y5)), IF(AH$3=$DF5+'Model Setup'!$J$7,SUMIF($AD$3:$BA$3,"="&$DF5+'Model Setup'!$J$7,$B5:$Y5)+'Model Setup'!$J$8*(SUMIF($AD$3:$BA$3,"<"&$DF5,$B5:$Y5)+SUMIF($AD$3:$BA$3,">="&$DG5,$B5:$Y5)), IF(AH$3=$DF5+'Model Setup'!$K$7,SUMIF($AD$3:$BA$3,"="&$DF5+'Model Setup'!$K$7,$B5:$Y5)+'Model Setup'!$K$8*(SUMIF($AD$3:$BA$3,"<"&$DF5,$B5:$Y5)+SUMIF($AD$3:$BA$3,">="&$DG5,$B5:$Y5)), IF(AH$3=$DF5+'Model Setup'!$L$7,SUMIF($AD$3:$BA$3,"="&$DF5+'Model Setup'!$L$7,$B5:$Y5)+'Model Setup'!$L$8*(SUMIF($AD$3:$BA$3,"<"&$DF5,$B5:$Y5)+SUMIF($AD$3:$BA$3,">="&$DG5,$B5:$Y5)), IF(AH$3=$DF5+'Model Setup'!$M$7,SUMIF($AD$3:$BA$3,"="&$DF5+'Model Setup'!$M$7,$B5:$Y5)+'Model Setup'!$M$8*(SUMIF($AD$3:$BA$3,"<"&$DF5,$B5:$Y5)+SUMIF($AD$3:$BA$3,">="&$DG5,$B5:$Y5)), IF(AH$3=$DF5+'Model Setup'!$N$7,SUMIF($AD$3:$BA$3,"="&$DF5+'Model Setup'!$N$7,$B5:$Y5)+'Model Setup'!$N$8*(SUMIF($AD$3:$BA$3,"<"&$DF5,$B5:$Y5)+SUMIF($AD$3:$BA$3,">="&$DG5,$B5:$Y5)), IF(AH$3<$DG5,F5,0))))))))))))))),0) -> 0 | AI5: =ROUND(IF(AI$3<$DF5,0, IF(AI$3=$DF5+'Model Setup'!$B$7,SUMIF($AD$3:$BA$3,"="&$DF5+'Model Setup'!$B$7,$B5:$Y5)+'Model Setup'!$B$8*(SUMIF($AD$3:$BA$3,"<"&$DF5,$B5:$Y5)+SUMIF($AD$3:$BA$3,">="&$DG5,$B5:$Y5)), IF(AI$3=$DF5+'Model Setup'!$C$7,SUMIF($AD$3:$BA$3,"="&$DF5+'Model Setup'!$C$7,$B5:$Y5)+'Model Setup'!$C$8*(SUMIF($AD$3:$BA$3,"<"&$DF5,$B5:$Y5)+SUMIF($AD$3:$BA$3,">="&$DG5,$B5:$Y5)), IF(AI$3=$DF5+'Model Setup'!$D$7,SUMIF($AD$3:$BA$3,"="&$DF5+'Model Setup'!$D$7,$B5:$Y5)+'Model Setup'!$D$8*(SUMIF($AD$3:$BA$3,"<"&$DF5,$B5:$Y5)+SUMIF($AD$3:$BA$3,">="&$DG5,$B5:$Y5)), IF(AI$3=$DF5+'Model Setup'!$E$7,SUMIF($AD$3:$BA$3,"="&$DF5+'Model Setup'!$E$7,$B5:$Y5)+'Model Setup'!$E$8*(SUMIF($AD$3:$BA$3,"<"&$DF5,$B5:$Y5)+SUMIF($AD$3:$BA$3,">="&$DG5,$B5:$Y5)), IF(AI$3=$DF5+'Model Setup'!$F$7,SUMIF($AD$3:$BA$3,"="&$DF5+'Model Setup'!$F$7,$B5:$Y5)+'Model Setup'!$F$8*(SUMIF($AD$3:$BA$3,"<"&$DF5,$B5:$Y5)+SUMIF($AD$3:$BA$3,">="&$DG5,$B5:$Y5)), IF(AI$3=$DF5+'Model Setup'!$G$7,SUMIF($AD$3:$BA$3,"="&$DF5+'Model Setup'!$G$7,$B5:$Y5)+'Model Setup'!$G$8*(SUMIF($AD$3:$BA$3,"<"&$DF5,$B5:$Y5)+SUMIF($AD$3:$BA$3,">="&$DG5,$B5:$Y5)), IF(AI$3=$DF5+'Model Setup'!$H$7,SUMIF($AD$3:$BA$3,"="&$DF5+'Model Setup'!$H$7,$B5:$Y5)+'Model Setup'!$H$8*(SUMIF($AD$3:$BA$3,"<"&$DF5,$B5:$Y5)+SUMIF($AD$3:$BA$3,">="&$DG5,$B5:$Y5)), IF(AI$3=$DF5+'Model Setup'!$I$7,SUMIF($AD$3:$BA$3,"="&$DF5+'Model Setup'!$I$7,$B5:$Y5)+'Model Setup'!$I$8*(SUMIF($AD$3:$BA$3,"<"&$DF5,$B5:$Y5)+SUMIF($AD$3:$BA$3,">="&$DG5,$B5:$Y5)), IF(AI$3=$DF5+'Model Setup'!$J$7,SUMIF($AD$3:$BA$3,"="&$DF5+'Model Setup'!$J$7,$B5:$Y5)+'Model Setup'!$J$8*(SUMIF($AD$3:$BA$3,"<"&$DF5,$B5:$Y5)+SUMIF($AD$3:$BA$3,">="&$DG5,$B5:$Y5)), IF(AI$3=$DF5+'Model Setup'!$K$7,SUMIF($AD$3:$BA$3,"="&$DF5+'Model Setup'!$K$7,$B5:$Y5)+'Model Setup'!$K$8*(SUMIF($AD$3:$BA$3,"<"&$DF5,$B5:$Y5)+SUMIF($AD$3:$BA$3,">="&$DG5,$B5:$Y5)), IF(AI$3=$DF5+'Model Setup'!$L$7,SUMIF($AD$3:$BA$3,"="&$DF5+'Model Setup'!$L$7,$B5:$Y5)+'Model Setup'!$L$8*(SUMIF($AD$3:$BA$3,"<"&$DF5,$B5:$Y5)+SUMIF($AD$3:$BA$3,">="&$DG5,$B5:$Y5)), IF(AI$3=$DF5+'Model Setup'!$M$7,SUMIF($AD$3:$BA$3,"="&$DF5+'Model Setup'!$M$7,$B5:$Y5)+'Model Setup'!$M$8*(SUMIF($AD$3:$BA$3,"<"&$DF5,$B5:$Y5)+SUMIF($AD$3:$BA$3,">="&$DG5,$B5:$Y5)), IF(AI$3=$DF5+'Model Setup'!$N$7,SUMIF($AD$3:$BA$3,"="&$DF5+'Model Setup'!$N$7,$B5:$Y5)+'Model Setup'!$N$8*(SUMIF($AD$3:$BA$3,"<"&$DF5,$B5:$Y5)+SUMIF($AD$3:$BA$3,">="&$DG5,$B5:$Y5)), IF(AI$3<$DG5,G5,0))))))))))))))),0) -> 0 | AJ5: =ROUND(IF(AJ$3<$DF5,0, IF(AJ$3=$DF5+'Model Setup'!$B$7,SUMIF($AD$3:$BA$3,"="&$DF5+'Model Setup'!$B$7,$B5:$Y5)+'Model Setup'!$B$8*(SUMIF($AD$3:$BA$3,"<"&$DF5,$B5:$Y5)+SUMIF($AD$3:$BA$3,">="&$DG5,$B5:$Y5)), IF(AJ$3=$DF5+'Model Setup'!$C$7,SUMIF($AD$3:$BA$3,"="&$DF5+'Model Setup'!$C$7,$B5:$Y5)+'Model Setup'!$C$8*(SUMIF($AD$3:$BA$3,"<"&$DF5,$B5:$Y5)+SUMIF($AD$3:$BA$3,">="&$DG5,$B5:$Y5)), IF(AJ$3=$DF5+'Model Setup'!$D$7,SUMIF($AD$3:$BA$3,"="&$DF5+'Model Setup'!$D$7,$B5:$Y5)+'Model Setup'!$D$8*(SUMIF($AD$3:$BA$3,"<"&$DF5,$B5:$Y5)+SUMIF($AD$3:$BA$3,">="&$DG5,$B5:$Y5)), IF(AJ$3=$DF5+'Model Setup'!$E$7,SUMIF($AD$3:$BA$3,"="&$DF5+'Model Setup'!$E$7,$B5:$Y5)+'Model Setup'!$E$8*(SUMIF($AD$3:$BA$3,"<"&$DF5,$B5:$Y5)+SUMIF($AD$3:$BA$3,">="&$DG5,$B5:$Y5)), IF(AJ$3=$DF5+'Model Setup'!$F$7,SUMIF($AD$3:$BA$3,"="&$DF5+'Model Setup'!$F$7,$B5:$Y5)+'Model Setup'!$F$8*(SUMIF($AD$3:$BA$3,"<"&$DF5,$B5:$Y5)+SUMIF($AD$3:$BA$3,">="&$DG5,$B5:$Y5)), IF(AJ$3=$DF5+'Model Setup'!$G$7,SUMIF($AD$3:$BA$3,"="&$DF5+'Model Setup'!$G$7,$B5:$Y5)+'Model Setup'!$G$8*(SUMIF($AD$3:$BA$3,"<"&$DF5,$B5:$Y5)+SUMIF($AD$3:$BA$3,">="&$DG5,$B5:$Y5)), IF(AJ$3=$DF5+'Model Setup'!$H$7,SUMIF($AD$3:$BA$3,"="&$DF5+'Model Setup'!$H$7,$B5:$Y5)+'Model Setup'!$H$8*(SUMIF($AD$3:$BA$3,"<"&$DF5,$B5:$Y5)+SUMIF($AD$3:$BA$3,">="&$DG5,$B5:$Y5)), IF(AJ$3=$DF5+'Model Setup'!$I$7,SUMIF($AD$3:$BA$3,"="&$DF5+'Model Setup'!$I$7,$B5:$Y5)+'Model Setup'!$I$8*(SUMIF($AD$3:$BA$3,"<"&$DF5,$B5:$Y5)+SUMIF($AD$3:$BA$3,">="&$DG5,$B5:$Y5)), IF(AJ$3=$DF5+'Model Setup'!$J$7,SUMIF($AD$3:$BA$3,"="&$DF5+'Model Setup'!$J$7,$B5:$Y5)+'Model Setup'!$J$8*(SUMIF($AD$3:$BA$3,"<"&$DF5,$B5:$Y5)+SUMIF($AD$3:$BA$3,">="&$DG5,$B5:$Y5)), IF(AJ$3=$DF5+'Model Setup'!$K$7,SUMIF($AD$3:$BA$3,"="&$DF5+'Model Setup'!$K$7,$B5:$Y5)+'Model Setup'!$K$8*(SUMIF($AD$3:$BA$3,"<"&$DF5,$B5:$Y5)+SUMIF($AD$3:$BA$3,">="&$DG5,$B5:$Y5)), IF(AJ$3=$DF5+'Model Setup'!$L$7,SUMIF($AD$3:$BA$3,"="&$DF5+'Model Setup'!$L$7,$B5:$Y5)+'Model Setup'!$L$8*(SUMIF($AD$3:$BA$3,"<"&$DF5,$B5:$Y5)+SUMIF($AD$3:$BA$3,">="&$DG5,$B5:$Y5)), IF(AJ$3=$DF5+'Model Setup'!$M$7,SUMIF($AD$3:$BA$3,"="&$DF5+'Model Setup'!$M$7,$B5:$Y5)+'Model Setup'!$M$8*(SUMIF($AD$3:$BA$3,"<"&$DF5,$B5:$Y5)+SUMIF($AD$3:$BA$3,">="&$DG5,$B5:$Y5)), IF(AJ$3=$DF5+'Model Setup'!$N$7,SUMIF($AD$3:$BA$3,"="&$DF5+'Model Setup'!$N$7,$B5:$Y5)+'Model Setup'!$N$8*(SUMIF($AD$3:$BA$3,"<"&$DF5,$B5:$Y5)+SUMIF($AD$3:$BA$3,">="&$DG5,$B5:$Y5)), IF(AJ$3<$DG5,H5,0))))))))))))))),0) -> 0 | AK5: =ROUND(IF(AK$3<$DF5,0, IF(AK$3=$DF5+'Model Setup'!$B$7,SUMIF($AD$3:$BA$3,"="&$DF5+'Model Setup'!$B$7,$B5:$Y5)+'Model Setup'!$B$8*(SUMIF($AD$3:$BA$3,"<"&$DF5,$B5:$Y5)+SUMIF($AD$3:$BA$3,">="&$DG5,$B5:$Y5)), IF(AK$3=$DF5+'Model Setup'!$C$7,SUMIF($AD$3:$BA$3,"="&$DF5+'Model Setup'!$C$7,$B5:$Y5)+'Model Setup'!$C$8*(SUMIF($AD$3:$BA$3,"<"&$DF5,$B5:$Y5)+SUMIF($AD$3:$BA$3,">="&$DG5,$B5:$Y5)), IF(AK$3=$DF5+'Model Setup'!$D$7,SUMIF($AD$3:$BA$3,"="&$DF5+'Model Setup'!$D$7,$B5:$Y5)+'Model Setup'!$D$8*(SUMIF($AD$3:$BA$3,"<"&$DF5,$B5:$Y5)+SUMIF($AD$3:$BA$3,">="&$DG5,$B5:$Y5)), IF(AK$3=$DF5+'Model Setup'!$E$7,SUMIF($AD$3:$BA$3,"="&$DF5+'Model Setup'!$E$7,$B5:$Y5)+'Model Setup'!$E$8*(SUMIF($AD$3:$BA$3,"<"&$DF5,$B5:$Y5)+SUMIF($AD$3:$BA$3,">="&$DG5,$B5:$Y5)), IF(AK$3=$DF5+'Model Setup'!$F$7,SUMIF($AD$3:$BA$3,"="&$DF5+'Model Setup'!$F$7,$B5:$Y5)+'Model Setup'!$F$8*(SUMIF($AD$3:$BA$3,"<"&$DF5,$B5:$Y5)+SUMIF($AD$3:$BA$3,">="&$DG5,$B5:$Y5)), IF(AK$3=$DF5+'Model Setup'!$G$7,SUMIF($AD$3:$BA$3,"="&$DF5+'Model Setup'!$G$7,$B5:$Y5)+'Model Setup'!$G$8*(SUMIF($AD$3:$BA$3,"<"&$DF5,$B5:$Y5)+SUMIF($AD$3:$BA$3,">="&$DG5,$B5:$Y5)), IF(AK$3=$DF5+'Model Setup'!$H$7,SUMIF($AD$3:$BA$3,"="&$DF5+'Model Setup'!$H$7,$B5:$Y5)+'Model Setup'!$H$8*(SUMIF($AD$3:$BA$3,"<"&$DF5,$B5:$Y5)+SUMIF($AD$3:$BA$3,">="&$DG5,$B5:$Y5)), IF(AK$3=$DF5+'Model Setup'!$I$7,SUMIF($AD$3:$BA$3,"="&$DF5+'Model Setup'!$I$7,$B5:$Y5)+'Model Setup'!$I$8*(SUMIF($AD$3:$BA$3,"<"&$DF5,$B5:$Y5)+SUMIF($AD$3:$BA$3,">="&$DG5,$B5:$Y5)), IF(AK$3=$DF5+'Model Setup'!$J$7,SUMIF($AD$3:$BA$3,"="&$DF5+'Model Setup'!$J$7,$B5:$Y5)+'Model Setup'!$J$8*(SUMIF($AD$3:$BA$3,"<"&$DF5,$B5:$Y5)+SUMIF($AD$3:$BA$3,">="&$DG5,$B5:$Y5)), IF(AK$3=$DF5+'Model Setup'!$K$7,SUMIF($AD$3:$BA$3,"="&$DF5+'Model Setup'!$K$7,$B5:$Y5)+'Model Setup'!$K$8*(SUMIF($AD$3:$BA$3,"<"&$DF5,$B5:$Y5)+SUMIF($AD$3:$BA$3,">="&$DG5,$B5:$Y5)), IF(AK$3=$DF5+'Model Setup'!$L$7,SUMIF($AD$3:$BA$3,"="&$DF5+'Model Setup'!$L$7,$B5:$Y5)+'Model Setup'!$L$8*(SUMIF($AD$3:$BA$3,"<"&$DF5,$B5:$Y5)+SUMIF($AD$3:$BA$3,">="&$DG5,$B5:$Y5)), IF(AK$3=$DF5+'Model Setup'!$M$7,SUMIF($AD$3:$BA$3,"="&$DF5+'Model Setup'!$M$7,$B5:$Y5)+'Model Setup'!$M$8*(SUMIF($AD$3:$BA$3,"<"&$DF5,$B5:$Y5)+SUMIF($AD$3:$BA$3,">="&$DG5,$B5:$Y5)), IF(AK$3=$DF5+'Model Setup'!$N$7,SUMIF($AD$3:$BA$3,"="&$DF5+'Model Setup'!$N$7,$B5:$Y5)+'Model Setup'!$N$8*(SUMIF($AD$3:$BA$3,"<"&$DF5,$B5:$Y5)+SUMIF($AD$3:$BA$3,">="&$DG5,$B5:$Y5)), IF(AK$3<$DG5,I5,0))))))))))))))),0) -> 0 | ... BA5: =ROUND(IF(BA$3<$DF5,0, IF(BA$3=$DF5+'Model Setup'!$B$7,SUMIF($AD$3:$BA$3,"="&$DF5+'Model Setup'!$B$7,$B5:$Y5)+'Model Setup'!$B$8*(SUMIF($AD$3:$BA$3,"<"&$DF5,$B5:$Y5)+SUMIF($AD$3:$BA$3,">="&$DG5,$B5:$Y5)), IF(BA$3=$DF5+'Model Setup'!$C$7,SUMIF($AD$3:$BA$3,"="&$DF5+'Model Setup'!$C$7,$B5:$Y5)+'Model Setup'!$C$8*(SUMIF($AD$3:$BA$3,"<"&$DF5,$B5:$Y5)+SUMIF($AD$3:$BA$3,">="&$DG5,$B5:$Y5)), IF(BA$3=$DF5+'Model Setup'!$D$7,SUMIF($AD$3:$BA$3,"="&$DF5+'Model Setup'!$D$7,$B5:$Y5)+'Model Setup'!$D$8*(SUMIF($AD$3:$BA$3,"<"&$DF5,$B5:$Y5)+SUMIF($AD$3:$BA$3,">="&$DG5,$B5:$Y5)), IF(BA$3=$DF5+'Model Setup'!$E$7,SUMIF($AD$3:$BA$3,"="&$DF5+'Model Setup'!$E$7,$B5:$Y5)+'Model Setup'!$E$8*(SUMIF($AD$3:$BA$3,"<"&$DF5,$B5:$Y5)+SUMIF($AD$3:$BA$3,">="&$DG5,$B5:$Y5)), IF(BA$3=$DF5+'Model Setup'!$F$7,SUMIF($AD$3:$BA$3,"="&$DF5+'Model Setup'!$F$7,$B5:$Y5)+'Model Setup'!$F$8*(SUMIF($AD$3:$BA$3,"<"&$DF5,$B5:$Y5)+SUMIF($AD$3:$BA$3,">="&$DG5,$B5:$Y5)), IF(BA$3=$DF5+'Model Setup'!$G$7,SUMIF($AD$3:$BA$3,"="&$DF5+'Model Setup'!$G$7,$B5:$Y5)+'Model Setup'!$G$8*(SUMIF($AD$3:$BA$3,"<"&$DF5,$B5:$Y5)+SUMIF($AD$3:$BA$3,">="&$DG5,$B5:$Y5)), IF(BA$3=$DF5+'Model Setup'!$H$7,SUMIF($AD$3:$BA$3,"="&$DF5+'Model Setup'!$H$7,$B5:$Y5)+'Model Setup'!$H$8*(SUMIF($AD$3:$BA$3,"<"&$DF5,$B5:$Y5)+SUMIF($AD$3:$BA$3,">="&$DG5,$B5:$Y5)), IF(BA$3=$DF5+'Model Setup'!$I$7,SUMIF($AD$3:$BA$3,"="&$DF5+'Model Setup'!$I$7,$B5:$Y5)+'Model Setup'!$I$8*(SUMIF($AD$3:$BA$3,"<"&$DF5,$B5:$Y5)+SUMIF($AD$3:$BA$3,">="&$DG5,$B5:$Y5)), IF(BA$3=$DF5+'Model Setup'!$J$7,SUMIF($AD$3:$BA$3,"="&$DF5+'Model Setup'!$J$7,$B5:$Y5)+'Model Setup'!$J$8*(SUMIF($AD$3:$BA$3,"<"&$DF5,$B5:$Y5)+SUMIF($AD$3:$BA$3,">="&$DG5,$B5:$Y5)), IF(BA$3=$DF5+'Model Setup'!$K$7,SUMIF($AD$3:$BA$3,"="&$DF5+'Model Setup'!$K$7,$B5:$Y5)+'Model Setup'!$K$8*(SUMIF($AD$3:$BA$3,"<"&$DF5,$B5:$Y5)+SUMIF($AD$3:$BA$3,">="&$DG5,$B5:$Y5)), IF(BA$3=$DF5+'Model Setup'!$L$7,SUMIF($AD$3:$BA$3,"="&$DF5+'Model Setup'!$L$7,$B5:$Y5)+'Model Setup'!$L$8*(SUMIF($AD$3:$BA$3,"<"&$DF5,$B5:$Y5)+SUMIF($AD$3:$BA$3,">="&$DG5,$B5:$Y5)), IF(BA$3=$DF5+'Model Setup'!$M$7,SUMIF($AD$3:$BA$3,"="&$DF5+'Model Setup'!$M$7,$B5:$Y5)+'Model Setup'!$M$8*(SUMIF($AD$3:$BA$3,"<"&$DF5,$B5:$Y5)+SUMIF($AD$3:$BA$3,">="&$DG5,$B5:$Y5)), IF(BA$3=$DF5+'Model Setup'!$N$7,SUMIF($AD$3:$BA$3,"="&$DF5+'Model Setup'!$N$7,$B5:$Y5)+'Model Setup'!$N$8*(SUMIF($AD$3:$BA$3,"<"&$DF5,$B5:$Y5)+SUMIF($AD$3:$BA$3,">="&$DG5,$B5:$Y5)), IF(BA$3<$DG5,Y5,0))))))))))))))),0) -> 0 | BB5: =SUM(AD5:BA5) -> 129 | BD5: =IF(Z5=BB5,TRUE,FALSE) -> FALSE | BE5: =BB5-Z5 -> 1 | BF5: =(FTC!F3-FTC!E3)*24 -> 13 | BG5: AK | BH5: =ROUND(IF(OR(BH$3<$DF5,BH$3>$CW$4),0, IF(BH$3=$DF5+'Model Setup'!$B$7,SUMIF($BH$3:$CE$3,"="&$DF5+'Model Setup'!$B$7,$AD5:$BA5)+'Model Setup'!$B$8*(SUMIF($BH$3:$CE$3,"<"&$DF5,$AD5:$BA5)+SUMIF($BH$3:$CE$3,">"&$CW$4,$AD5:$BA5)), IF(BH$3=$DF5+'Model Setup'!$C$7,SUMIF($BH$3:$CE$3,"="&$DF5+'Model Setup'!$C$7,$AD5:$BA5)+'Model Setup'!$C$8*(SUMIF($BH$3:$CE$3,"<"&$DF5,$AD5:$BA5)+SUMIF($BH$3:$CE$3,">"&$CW$4,$AD5:$BA5)), IF(BH$3=$DF5+'Model Setup'!$D$7,SUMIF($BH$3:$CE$3,"="&$DF5+'Model Setup'!$D$7,$AD5:$BA5)+'Model Setup'!$D$8*(SUMIF($BH$3:$CE$3,"<"&$DF5,$AD5:$BA5)+SUMIF($BH$3:$CE$3,">"&$CW$4,$AD5:$BA5)), IF(BH$3=$DF5+'Model Setup'!$E$7,SUMIF($BH$3:$CE$3,"="&$DF5+'Model Setup'!$E$7,$AD5:$BA5)+'Model Setup'!$E$8*(SUMIF($BH$3:$CE$3,"<"&$DF5,$AD5:$BA5)+SUMIF($BH$3:$CE$3,">"&$CW$4,$AD5:$BA5)), IF(BH$3=$DF5+'Model Setup'!$F$7,SUMIF($BH$3:$CE$3,"="&$DF5+'Model Setup'!$F$7,$AD5:$BA5)+'Model Setup'!$F$8*(SUMIF($BH$3:$CE$3,"<"&$DF5,$AD5:$BA5)+SUMIF($BH$3:$CE$3,">"&$CW$4,$AD5:$BA5)), IF(BH$3=$DF5+'Model Setup'!$G$7,SUMIF($BH$3:$CE$3,"="&$DF5+'Model Setup'!$G$7,$AD5:$BA5)+'Model Setup'!$G$8*(SUMIF($BH$3:$CE$3,"<"&$DF5,$AD5:$BA5)+SUMIF($BH$3:$CE$3,">"&$CW$4,$AD5:$BA5)), IF(BH$3=$DF5+'Model Setup'!$H$7,SUMIF($BH$3:$CE$3,"="&$DF5+'Model Setup'!$H$7,$AD5:$BA5)+'Model Setup'!$H$8*(SUMIF($BH$3:$CE$3,"<"&$DF5,$AD5:$BA5)+SUMIF($BH$3:$CE$3,">"&$CW$4,$AD5:$BA5)), IF(BH$3=$DF5+'Model Setup'!$I$7,SUMIF($BH$3:$CE$3,"="&$DF5+'Model Setup'!$I$7,$AD5:$BA5)+'Model Setup'!$I$8*(SUMIF($BH$3:$CE$3,"<"&$DF5,$AD5:$BA5)+SUMIF($BH$3:$CE$3,">"&$CW$4,$AD5:$BA5)), IF(BH$3=$DF5+'Model Setup'!$J$7,SUMIF($BH$3:$CE$3,"="&$DF5+'Model Setup'!$J$7,$AD5:$BA5)+'Model Setup'!$J$8*(SUMIF($BH$3:$CE$3,"<"&$DF5,$AD5:$BA5)+SUMIF($BH$3:$CE$3,">"&$CW$4,$AD5:$BA5)), IF(BH$3=$DF5+'Model Setup'!$K$7,SUMIF($BH$3:$CE$3,"="&$DF5+'Model Setup'!$K$7,$AD5:$BA5)+'Model Setup'!$K$8*(SUMIF($BH$3:$CE$3,"<"&$DF5,$AD5:$BA5)+SUMIF($BH$3:$CE$3,">"&$CW$4,$AD5:$BA5)), IF(BH$3=$DF5+'Model Setup'!$L$7,SUMIF($BH$3:$CE$3,"="&$DF5+'Model Setup'!$L$7,$AD5:$BA5)+'Model Setup'!$L$8*(SUMIF($BH$3:$CE$3,"<"&$DF5,$AD5:$BA5)+SUMIF($BH$3:$CE$3,">"&$CW$4,$AD5:$BA5)), IF(BH$3=$DF5+'Model Setup'!$M$7,SUMIF($BH$3:$CE$3,"="&$DF5+'Model Setup'!$M$7,$AD5:$BA5)+'Model Setup'!$M$8*(SUMIF($BH$3:$CE$3,"<"&$DF5,$AD5:$BA5)+SUMIF($BH$3:$CE$3,">"&$CW$4,$AD5:$BA5)), IF(BH$3=$DF5+'Model Setup'!$N$7,SUMIF($BH$3:$CE$3,"="&$DF5+'Model Setup'!$N$7,$AD5:$BA5)+'Model Setup'!$N$8*(SUMIF($BH$3:$CE$3,"<"&$DF5,$AD5:$BA5)+SUMIF($BH$3:$CE$3,">"&$CW$4,$AD5:$BA5)), IF(BH$3<$CW$4,B5,0))))))))))))))),0) -> 0 | BI5: =ROUND(IF(OR(BI$3<$DF5,BI$3>$CW$4),0, IF(BI$3=$DF5+'Model Setup'!$B$7,SUMIF($BH$3:$CE$3,"="&$DF5+'Model Setup'!$B$7,$AD5:$BA5)+'Model Setup'!$B$8*(SUMIF($BH$3:$CE$3,"<"&$DF5,$AD5:$BA5)+SUMIF($BH$3:$CE$3,">"&$CW$4,$AD5:$BA5)), IF(BI$3=$DF5+'Model Setup'!$C$7,SUMIF($BH$3:$CE$3,"="&$DF5+'Model Setup'!$C$7,$AD5:$BA5)+'Model Setup'!$C$8*(SUMIF($BH$3:$CE$3,"<"&$DF5,$AD5:$BA5)+SUMIF($BH$3:$CE$3,">"&$CW$4,$AD5:$BA5)), IF(BI$3=$DF5+'Model Setup'!$D$7,SUMIF($BH$3:$CE$3,"="&$DF5+'Model Setup'!$D$7,$AD5:$BA5)+'Model Setup'!$D$8*(SUMIF($BH$3:$CE$3,"<"&$DF5,$AD5:$BA5)+SUMIF($BH$3:$CE$3,">"&$CW$4,$AD5:$BA5)), IF(BI$3=$DF5+'Model Setup'!$E$7,SUMIF($BH$3:$CE$3,"="&$DF5+'Model Setup'!$E$7,$AD5:$BA5)+'Model Setup'!$E$8*(SUMIF($BH$3:$CE$3,"<"&$DF5,$AD5:$BA5)+SUMIF($BH$3:$CE$3,">"&$CW$4,$AD5:$BA5)), IF(BI$3=$DF5+'Model Setup'!$F$7,SUMIF($BH$3:$CE$3,"="&$DF5+'Model Setup'!$F$7,$AD5:$BA5)+'Model Setup'!$F$8*(SUMIF($BH$3:$CE$3,"<"&$DF5,$AD5:$BA5)+SUMIF($BH$3:$CE$3,">"&$CW$4,$AD5:$BA5)), IF(BI$3=$DF5+'Model Setup'!$G$7,SUMIF($BH$3:$CE$3,"="&$DF5+'Model Setup'!$G$7,$AD5:$BA5)+'Model Setup'!$G$8*(SUMIF($BH$3:$CE$3,"<"&$DF5,$AD5:$BA5)+SUMIF($BH$3:$CE$3,">"&$CW$4,$AD5:$BA5)), IF(BI$3=$DF5+'Model Setup'!$H$7,SUMIF($BH$3:$CE$3,"="&$DF5+'Model Setup'!$H$7,$AD5:$BA5)+'Model Setup'!$H$8*(SUMIF($BH$3:$CE$3,"<"&$DF5,$AD5:$BA5)+SUMIF($BH$3:$CE$3,">"&$CW$4,$AD5:$BA5)), IF(BI$3=$DF5+'Model Setup'!$I$7,SUMIF($BH$3:$CE$3,"="&$DF5+'Model Setup'!$I$7,$AD5:$BA5)+'Model Setup'!$I$8*(SUMIF($BH$3:$CE$3,"<"&$DF5,$AD5:$BA5)+SUMIF($BH$3:$CE$3,">"&$CW$4,$AD5:$BA5)), IF(BI$3=$DF5+'Model Setup'!$J$7,SUMIF($BH$3:$CE$3,"="&$DF5+'Model Setup'!$J$7,$AD5:$BA5)+'Model Setup'!$J$8*(SUMIF($BH$3:$CE$3,"<"&$DF5,$AD5:$BA5)+SUMIF($BH$3:$CE$3,">"&$CW$4,$AD5:$BA5)), IF(BI$3=$DF5+'Model Setup'!$K$7,SUMIF($BH$3:$CE$3,"="&$DF5+'Model Setup'!$K$7,$AD5:$BA5)+'Model Setup'!$K$8*(SUMIF($BH$3:$CE$3,"<"&$DF5,$AD5:$BA5)+SUMIF($BH$3:$CE$3,">"&$CW$4,$AD5:$BA5)), IF(BI$3=$DF5+'Model Setup'!$L$7,SUMIF($BH$3:$CE$3,"="&$DF5+'Model Setup'!$L$7,$AD5:$BA5)+'Model Setup'!$L$8*(SUMIF($BH$3:$CE$3,"<"&$DF5,$AD5:$BA5)+SUMIF($BH$3:$CE$3,">"&$CW$4,$AD5:$BA5)), IF(BI$3=$DF5+'Model Setup'!$M$7,SUMIF($BH$3:$CE$3,"="&$DF5+'Model Setup'!$M$7,$AD5:$BA5)+'Model Setup'!$M$8*(SUMIF($BH$3:$CE$3,"<"&$DF5,$AD5:$BA5)+SUMIF($BH$3:$CE$3,">"&$CW$4,$AD5:$BA5)), IF(BI$3=$DF5+'Model Setup'!$N$7,SUMIF($BH$3:$CE$3,"="&$DF5+'Model Setup'!$N$7,$AD5:$BA5)+'Model Setup'!$N$8*(SUMIF($BH$3:$CE$3,"<"&$DF5,$AD5:$BA5)+SUMIF($BH$3:$CE$3,">"&$CW$4,$AD5:$BA5)), IF(BI$3<$CW$4,C5,0))))))))))))))),0) -> 0 | BJ5: =ROUND(IF(OR(BJ$3<$DF5,BJ$3>$CW$4),0, IF(BJ$3=$DF5+'Model Setup'!$B$7,SUMIF($BH$3:$CE$3,"="&$DF5+'Model Setup'!$B$7,$AD5:$BA5)+'Model Setup'!$B$8*(SUMIF($BH$3:$CE$3,"<"&$DF5,$AD5:$BA5)+SUMIF($BH$3:$CE$3,">"&$CW$4,$AD5:$BA5)), IF(BJ$3=$DF5+'Model Setup'!$C$7,SUMIF($BH$3:$CE$3,"="&$DF5+'Model Setup'!$C$7,$AD5:$BA5)+'Model Setup'!$C$8*(SUMIF($BH$3:$CE$3,"<"&$DF5,$AD5:$BA5)+SUMIF($BH$3:$CE$3,">"&$CW$4,$AD5:$BA5)), IF(BJ$3=$DF5+'Model Setup'!$D$7,SUMIF($BH$3:$CE$3,"="&$DF5+'Model Setup'!$D$7,$AD5:$BA5)+'Model Setup'!$D$8*(SUMIF($BH$3:$CE$3,"<"&$DF5,$AD5:$BA5)+SUMIF($BH$3:$CE$3,">"&$CW$4,$AD5:$BA5)), IF(BJ$3=$DF5+'Model Setup'!$E$7,SUMIF($BH$3:$CE$3,"="&$DF5+'Model Setup'!$E$7,$AD5:$BA5)+'Model Setup'!$E$8*(SUMIF($BH$3:$CE$3,"<"&$DF5,$AD5:$BA5)+SUMIF($BH$3:$CE$3,">"&$CW$4,$AD5:$BA5)), IF(BJ$3=$DF5+'Model Setup'!$F$7,SUMIF($BH$3:$CE$3,"="&$DF5+'Model Setup'!$F$7,$AD5:$BA5)+'Model Setup'!$F$8*(SUMIF($BH$3:$CE$3,"<"&$DF5,$AD5:$BA5)+SUMIF($BH$3:$CE$3,">"&$CW$4,$AD5:$BA5)), IF(BJ$3=$DF5+'Model Setup'!$G$7,SUMIF($BH$3:$CE$3,"="&$DF5+'Model Setup'!$G$7,$AD5:$BA5)+'Model Setup'!$G$8*(SUMIF($BH$3:$CE$3,"<"&$DF5,$AD5:$BA5)+SUMIF($BH$3:$CE$3,">"&$CW$4,$AD5:$BA5)), IF(BJ$3=$DF5+'Model Setup'!$H$7,SUMIF($BH$3:$CE$3,"="&$DF5+'Model Setup'!$H$7,$AD5:$BA5)+'Model Setup'!$H$8*(SUMIF($BH$3:$CE$3,"<"&$DF5,$AD5:$BA5)+SUMIF($BH$3:$CE$3,">"&$CW$4,$AD5:$BA5)), IF(BJ$3=$DF5+'Model Setup'!$I$7,SUMIF($BH$3:$CE$3,"="&$DF5+'Model Setup'!$I$7,$AD5:$BA5)+'Model Setup'!$I$8*(SUMIF($BH$3:$CE$3,"<"&$DF5,$AD5:$BA5)+SUMIF($BH$3:$CE$3,">"&$CW$4,$AD5:$BA5)), IF(BJ$3=$DF5+'Model Setup'!$J$7,SUMIF($BH$3:$CE$3,"="&$DF5+'Model Setup'!$J$7,$AD5:$BA5)+'Model Setup'!$J$8*(SUMIF($BH$3:$CE$3,"<"&$DF5,$AD5:$BA5)+SUMIF($BH$3:$CE$3,">"&$CW$4,$AD5:$BA5)), IF(BJ$3=$DF5+'Model Setup'!$K$7,SUMIF($BH$3:$CE$3,"="&$DF5+'Model Setup'!$K$7,$AD5:$BA5)+'Model Setup'!$K$8*(SUMIF($BH$3:$CE$3,"<"&$DF5,$AD5:$BA5)+SUMIF($BH$3:$CE$3,">"&$CW$4,$AD5:$BA5)), IF(BJ$3=$DF5+'Model Setup'!$L$7,SUMIF($BH$3:$CE$3,"="&$DF5+'Model Setup'!$L$7,$AD5:$BA5)+'Model Setup'!$L$8*(SUMIF($BH$3:$CE$3,"<"&$DF5,$AD5:$BA5)+SUMIF($BH$3:$CE$3,">"&$CW$4,$AD5:$BA5)), IF(BJ$3=$DF5+'Model Setup'!$M$7,SUMIF($BH$3:$CE$3,"="&$DF5+'Model Setup'!$M$7,$AD5:$BA5)+'Model Setup'!$M$8*(SUMIF($BH$3:$CE$3,"<"&$DF5,$AD5:$BA5)+SUMIF($BH$3:$CE$3,">"&$CW$4,$AD5:$BA5)), IF(BJ$3=$DF5+'Model Setup'!$N$7,SUMIF($BH$3:$CE$3,"="&$DF5+'Model Setup'!$N$7,$AD5:$BA5)+'Model Setup'!$N$8*(SUMIF($BH$3:$CE$3,"<"&$DF5,$AD5:$BA5)+SUMIF($BH$3:$CE$3,">"&$CW$4,$AD5:$BA5)), IF(BJ$3<$CW$4,D5,0))))))))))))))),0) -> 0 | BK5: =ROUND(IF(OR(BK$3<$DF5,BK$3>$CW$4),0, IF(BK$3=$DF5+'Model Setup'!$B$7,SUMIF($BH$3:$CE$3,"="&$DF5+'Model Setup'!$B$7,$AD5:$BA5)+'Model Setup'!$B$8*(SUMIF($BH$3:$CE$3,"<"&$DF5,$AD5:$BA5)+SUMIF($BH$3:$CE$3,">"&$CW$4,$AD5:$BA5)), IF(BK$3=$DF5+'Model Setup'!$C$7,SUMIF($BH$3:$CE$3,"="&$DF5+'Model Setup'!$C$7,$AD5:$BA5)+'Model Setup'!$C$8*(SUMIF($BH$3:$CE$3,"<"&$DF5,$AD5:$BA5)+SUMIF($BH$3:$CE$3,">"&$CW$4,$AD5:$BA5)), IF(BK$3=$DF5+'Model Setup'!$D$7,SUMIF($BH$3:$CE$3,"="&$DF5+'Model Setup'!$D$7,$AD5:$BA5)+'Model Setup'!$D$8*(SUMIF($BH$3:$CE$3,"<"&$DF5,$AD5:$BA5)+SUMIF($BH$3:$CE$3,">"&$CW$4,$AD5:$BA5)), IF(BK$3=$DF5+'Model Setup'!$E$7,SUMIF($BH$3:$CE$3,"="&$DF5+'Model Setup'!$E$7,$AD5:$BA5)+'Model Setup'!$E$8*(SUMIF($BH$3:$CE$3,"<"&$DF5,$AD5:$BA5)+SUMIF($BH$3:$CE$3,">"&$CW$4,$AD5:$BA5)), IF(BK$3=$DF5+'Model Setup'!$F$7,SUMIF($BH$3:$CE$3,"="&$DF5+'Model Setup'!$F$7,$AD5:$BA5)+'Model Setup'!$F$8*(SUMIF($BH$3:$CE$3,"<"&$DF5,$AD5:$BA5)+SUMIF($BH$3:$CE$3,">"&$CW$4,$AD5:$BA5)), IF(BK$3=$DF5+'Model Setup'!$G$7,SUMIF($BH$3:$CE$3,"="&$DF5+'Model Setup'!$G$7,$AD5:$BA5)+'Model Setup'!$G$8*(SUMIF($BH$3:$CE$3,"<"&$DF5,$AD5:$BA5)+SUMIF($BH$3:$CE$3,">"&$CW$4,$AD5:$BA5)), IF(BK$3=$DF5+'Model Setup'!$H$7,SUMIF($BH$3:$CE$3,"="&$DF5+'Model Setup'!$H$7,$AD5:$BA5)+'Model Setup'!$H$8*(SUMIF($BH$3:$CE$3,"<"&$DF5,$AD5:$BA5)+SUMIF($BH$3:$CE$3,">"&$CW$4,$AD5:$BA5)), IF(BK$3=$DF5+'Model Setup'!$I$7,SUMIF($BH$3:$CE$3,"="&$DF5+'Model Setup'!$I$7,$AD5:$BA5)+'Model Setup'!$I$8*(SUMIF($BH$3:$CE$3,"<"&$DF5,$AD5:$BA5)+SUMIF($BH$3:$CE$3,">"&$CW$4,$AD5:$BA5)), IF(BK$3=$DF5+'Model Setup'!$J$7,SUMIF($BH$3:$CE$3,"="&$DF5+'Model Setup'!$J$7,$AD5:$BA5)+'Model Setup'!$J$8*(SUMIF($BH$3:$CE$3,"<"&$DF5,$AD5:$BA5)+SUMIF($BH$3:$CE$3,">"&$CW$4,$AD5:$BA5)), IF(BK$3=$DF5+'Model Setup'!$K$7,SUMIF($BH$3:$CE$3,"="&$DF5+'Model Setup'!$K$7,$AD5:$BA5)+'Model Setup'!$K$8*(SUMIF($BH$3:$CE$3,"<"&$DF5,$AD5:$BA5)+SUMIF($BH$3:$CE$3,">"&$CW$4,$AD5:$BA5)), IF(BK$3=$DF5+'Model Setup'!$L$7,SUMIF($BH$3:$CE$3,"="&$DF5+'Model Setup'!$L$7,$AD5:$BA5)+'Model Setup'!$L$8*(SUMIF($BH$3:$CE$3,"<"&$DF5,$AD5:$BA5)+SUMIF($BH$3:$CE$3,">"&$CW$4,$AD5:$BA5)), IF(BK$3=$DF5+'Model Setup'!$M$7,SUMIF($BH$3:$CE$3,"="&$DF5+'Model Setup'!$M$7,$AD5:$BA5)+'Model Setup'!$M$8*(SUMIF($BH$3:$CE$3,"<"&$DF5,$AD5:$BA5)+SUMIF($BH$3:$CE$3,">"&$CW$4,$AD5:$BA5)), IF(BK$3=$DF5+'Model Setup'!$N$7,SUMIF($BH$3:$CE$3,"="&$DF5+'Model Setup'!$N$7,$AD5:$BA5)+'Model Setup'!$N$8*(SUMIF($BH$3:$CE$3,"<"&$DF5,$AD5:$BA5)+SUMIF($BH$3:$CE$3,">"&$CW$4,$AD5:$BA5)), IF(BK$3<$CW$4,E5,0))))))))))))))),0) -> 0 | BL5: =ROUND(IF(OR(BL$3<$DF5,BL$3>$CW$4),0, IF(BL$3=$DF5+'Model Setup'!$B$7,SUMIF($BH$3:$CE$3,"="&$DF5+'Model Setup'!$B$7,$AD5:$BA5)+'Model Setup'!$B$8*(SUMIF($BH$3:$CE$3,"<"&$DF5,$AD5:$BA5)+SUMIF($BH$3:$CE$3,">"&$CW$4,$AD5:$BA5)), IF(BL$3=$DF5+'Model Setup'!$C$7,SUMIF($BH$3:$CE$3,"="&$DF5+'Model Setup'!$C$7,$AD5:$BA5)+'Model Setup'!$C$8*(SUMIF($BH$3:$CE$3,"<"&$DF5,$AD5:$BA5)+SUMIF($BH$3:$CE$3,">"&$CW$4,$AD5:$BA5)), IF(BL$3=$DF5+'Model Setup'!$D$7,SUMIF($BH$3:$CE$3,"="&$DF5+'Model Setup'!$D$7,$AD5:$BA5)+'Model Setup'!$D$8*(SUMIF($BH$3:$CE$3,"<"&$DF5,$AD5:$BA5)+SUMIF($BH$3:$CE$3,">"&$CW$4,$AD5:$BA5)), IF(BL$3=$DF5+'Model Setup'!$E$7,SUMIF($BH$3:$CE$3,"="&$DF5+'Model Setup'!$E$7,$AD5:$BA5)+'Model Setup'!$E$8*(SUMIF($BH$3:$CE$3,"<"&$DF5,$AD5:$BA5)+SUMIF($BH$3:$CE$3,">"&$CW$4,$AD5:$BA5)), IF(BL$3=$DF5+'Model Setup'!$F$7,SUMIF($BH$3:$CE$3,"="&$DF5+'Model Setup'!$F$7,$AD5:$BA5)+'Model Setup'!$F$8*(SUMIF($BH$3:$CE$3,"<"&$DF5,$AD5:$BA5)+SUMIF($BH$3:$CE$3,">"&$CW$4,$AD5:$BA5)), IF(BL$3=$DF5+'Model Setup'!$G$7,SUMIF($BH$3:$CE$3,"="&$DF5+'Model Setup'!$G$7,$AD5:$BA5)+'Model Setup'!$G$8*(SUMIF($BH$3:$CE$3,"<"&$DF5,$AD5:$BA5)+SUMIF($BH$3:$CE$3,">"&$CW$4,$AD5:$BA5)), IF(BL$3=$DF5+'Model Setup'!$H$7,SUMIF($BH$3:$CE$3,"="&$DF5+'Model Setup'!$H$7,$AD5:$BA5)+'Model Setup'!$H$8*(SUMIF($BH$3:$CE$3,"<"&$DF5,$AD5:$BA5)+SUMIF($BH$3:$CE$3,">"&$CW$4,$AD5:$BA5)), IF(BL$3=$DF5+'Model Setup'!$I$7,SUMIF($BH$3:$CE$3,"="&$DF5+'Model Setup'!$I$7,$AD5:$BA5)+'Model Setup'!$I$8*(SUMIF($BH$3:$CE$3,"<"&$DF5,$AD5:$BA5)+SUMIF($BH$3:$CE$3,">"&$CW$4,$AD5:$BA5)), IF(BL$3=$DF5+'Model Setup'!$J$7,SUMIF($BH$3:$CE$3,"="&$DF5+'Model Setup'!$J$7,$AD5:$BA5)+'Model Setup'!$J$8*(SUMIF($BH$3:$CE$3,"<"&$DF5,$AD5:$BA5)+SUMIF($BH$3:$CE$3,">"&$CW$4,$AD5:$BA5)), IF(BL$3=$DF5+'Model Setup'!$K$7,SUMIF($BH$3:$CE$3,"="&$DF5+'Model Setup'!$K$7,$AD5:$BA5)+'Model Setup'!$K$8*(SUMIF($BH$3:$CE$3,"<"&$DF5,$AD5:$BA5)+SUMIF($BH$3:$CE$3,">"&$CW$4,$AD5:$BA5)), IF(BL$3=$DF5+'Model Setup'!$L$7,SUMIF($BH$3:$CE$3,"="&$DF5+'Model Setup'!$L$7,$AD5:$BA5)+'Model Setup'!$L$8*(SUMIF($BH$3:$CE$3,"<"&$DF5,$AD5:$BA5)+SUMIF($BH$3:$CE$3,">"&$CW$4,$AD5:$BA5)), IF(BL$3=$DF5+'Model Setup'!$M$7,SUMIF($BH$3:$CE$3,"="&$DF5+'Model Setup'!$M$7,$AD5:$BA5)+'Model Setup'!$M$8*(SUMIF($BH$3:$CE$3,"<"&$DF5,$AD5:$BA5)+SUMIF($BH$3:$CE$3,">"&$CW$4,$AD5:$BA5)), IF(BL$3=$DF5+'Model Setup'!$N$7,SUMIF($BH$3:$CE$3,"="&$DF5+'Model Setup'!$N$7,$AD5:$BA5)+'Model Setup'!$N$8*(SUMIF($BH$3:$CE$3,"<"&$DF5,$AD5:$BA5)+SUMIF($BH$3:$CE$3,">"&$CW$4,$AD5:$BA5)), IF(BL$3<$CW$4,F5,0))))))))))))))),0) -> 0 | BM5: =ROUND(IF(OR(BM$3<$DF5,BM$3>$CW$4),0, IF(BM$3=$DF5+'Model Setup'!$B$7,SUMIF($BH$3:$CE$3,"="&$DF5+'Model Setup'!$B$7,$AD5:$BA5)+'Model Setup'!$B$8*(SUMIF($BH$3:$CE$3,"<"&$DF5,$AD5:$BA5)+SUMIF($BH$3:$CE$3,">"&$CW$4,$AD5:$BA5)), IF(BM$3=$DF5+'Model Setup'!$C$7,SUMIF($BH$3:$CE$3,"="&$DF5+'Model Setup'!$C$7,$AD5:$BA5)+'Model Setup'!$C$8*(SUMIF($BH$3:$CE$3,"<"&$DF5,$AD5:$BA5)+SUMIF($BH$3:$CE$3,">"&$CW$4,$AD5:$BA5)), IF(BM$3=$DF5+'Model Setup'!$D$7,SUMIF($BH$3:$CE$3,"="&$DF5+'Model Setup'!$D$7,$AD5:$BA5)+'Model Setup'!$D$8*(SUMIF($BH$3:$CE$3,"<"&$DF5,$AD5:$BA5)+SUMIF($BH$3:$CE$3,">"&$CW$4,$AD5:$BA5)), IF(BM$3=$DF5+'Model Setup'!$E$7,SUMIF($BH$3:$CE$3,"="&$DF5+'Model Setup'!$E$7,$AD5:$BA5)+'Model Setup'!$E$8*(SUMIF($BH$3:$CE$3,"<"&$DF5,$AD5:$BA5)+SUMIF($BH$3:$CE$3,">"&$CW$4,$AD5:$BA5)), IF(BM$3=$DF5+'Model Setup'!$F$7,SUMIF($BH$3:$CE$3,"="&$DF5+'Model Setup'!$F$7,$AD5:$BA5)+'Model Setup'!$F$8*(SUMIF($BH$3:$CE$3,"<"&$DF5,$AD5:$BA5)+SUMIF($BH$3:$CE$3,">"&$CW$4,$AD5:$BA5)), IF(BM$3=$DF5+'Model Setup'!$G$7,SUMIF($BH$3:$CE$3,"="&$DF5+'Model Setup'!$G$7,$AD5:$BA5)+'Model Setup'!$G$8*(SUMIF($BH$3:$CE$3,"<"&$DF5,$AD5:$BA5)+SUMIF($BH$3:$CE$3,">"&$CW$4,$AD5:$BA5)), IF(BM$3=$DF5+'Model Setup'!$H$7,SUMIF($BH$3:$CE$3,"="&$DF5+'Model Setup'!$H$7,$AD5:$BA5)+'Model Setup'!$H$8*(SUMIF($BH$3:$CE$3,"<"&$DF5,$AD5:$BA5)+SUMIF($BH$3:$CE$3,">"&$CW$4,$AD5:$BA5)), IF(BM$3=$DF5+'Model Setup'!$I$7,SUMIF($BH$3:$CE$3,"="&$DF5+'Model Setup'!$I$7,$AD5:$BA5)+'Model Setup'!$I$8*(SUMIF($BH$3:$CE$3,"<"&$DF5,$AD5:$BA5)+SUMIF($BH$3:$CE$3,">"&$CW$4,$AD5:$BA5)), IF(BM$3=$DF5+'Model Setup'!$J$7,SUMIF($BH$3:$CE$3,"="&$DF5+'Model Setup'!$J$7,$AD5:$BA5)+'Model Setup'!$J$8*(SUMIF($BH$3:$CE$3,"<"&$DF5,$AD5:$BA5)+SUMIF($BH$3:$CE$3,">"&$CW$4,$AD5:$BA5)), IF(BM$3=$DF5+'Model Setup'!$K$7,SUMIF($BH$3:$CE$3,"="&$DF5+'Model Setup'!$K$7,$AD5:$BA5)+'Model Setup'!$K$8*(SUMIF($BH$3:$CE$3,"<"&$DF5,$AD5:$BA5)+SUMIF($BH$3:$CE$3,">"&$CW$4,$AD5:$BA5)), IF(BM$3=$DF5+'Model Setup'!$L$7,SUMIF($BH$3:$CE$3,"="&$DF5+'Model Setup'!$L$7,$AD5:$BA5)+'Model Setup'!$L$8*(SUMIF($BH$3:$CE$3,"<"&$DF5,$AD5:$BA5)+SUMIF($BH$3:$CE$3,">"&$CW$4,$AD5:$BA5)), IF(BM$3=$DF5+'Model Setup'!$M$7,SUMIF($BH$3:$CE$3,"="&$DF5+'Model Setup'!$M$7,$AD5:$BA5)+'Model Setup'!$M$8*(SUMIF($BH$3:$CE$3,"<"&$DF5,$AD5:$BA5)+SUMIF($BH$3:$CE$3,">"&$CW$4,$AD5:$BA5)), IF(BM$3=$DF5+'Model Setup'!$N$7,SUMIF($BH$3:$CE$3,"="&$DF5+'Model Setup'!$N$7,$AD5:$BA5)+'Model Setup'!$N$8*(SUMIF($BH$3:$CE$3,"<"&$DF5,$AD5:$BA5)+SUMIF($BH$3:$CE$3,">"&$CW$4,$AD5:$BA5)), IF(BM$3<$CW$4,G5,0))))))))))))))),0) -> 0 | BN5: =ROUND(IF(OR(BN$3<$DF5,BN$3>$CW$4),0, IF(BN$3=$DF5+'Model Setup'!$B$7,SUMIF($BH$3:$CE$3,"="&$DF5+'Model Setup'!$B$7,$AD5:$BA5)+'Model Setup'!$B$8*(SUMIF($BH$3:$CE$3,"<"&$DF5,$AD5:$BA5)+SUMIF($BH$3:$CE$3,">"&$CW$4,$AD5:$BA5)), IF(BN$3=$DF5+'Model Setup'!$C$7,SUMIF($BH$3:$CE$3,"="&$DF5+'Model Setup'!$C$7,$AD5:$BA5)+'Model Setup'!$C$8*(SUMIF($BH$3:$CE$3,"<"&$DF5,$AD5:$BA5)+SUMIF($BH$3:$CE$3,">"&$CW$4,$AD5:$BA5)), IF(BN$3=$DF5+'Model Setup'!$D$7,SUMIF($BH$3:$CE$3,"="&$DF5+'Model Setup'!$D$7,$AD5:$BA5)+'Model Setup'!$D$8*(SUMIF($BH$3:$CE$3,"<"&$DF5,$AD5:$BA5)+SUMIF($BH$3:$CE$3,">"&$CW$4,$AD5:$BA5)), IF(BN$3=$DF5+'Model Setup'!$E$7,SUMIF($BH$3:$CE$3,"="&$DF5+'Model Setup'!$E$7,$AD5:$BA5)+'Model Setup'!$E$8*(SUMIF($BH$3:$CE$3,"<"&$DF5,$AD5:$BA5)+SUMIF($BH$3:$CE$3,">"&$CW$4,$AD5:$BA5)), IF(BN$3=$DF5+'Model Setup'!$F$7,SUMIF($BH$3:$CE$3,"="&$DF5+'Model Setup'!$F$7,$AD5:$BA5)+'Model Setup'!$F$8*(SUMIF($BH$3:$CE$3,"<"&$DF5,$AD5:$BA5)+SUMIF($BH$3:$CE$3,">"&$CW$4,$AD5:$BA5)), IF(BN$3=$DF5+'Model Setup'!$G$7,SUMIF($BH$3:$CE$3,"="&$DF5+'Model Setup'!$G$7,$AD5:$BA5)+'Model Setup'!$G$8*(SUMIF($BH$3:$CE$3,"<"&$DF5,$AD5:$BA5)+SUMIF($BH$3:$CE$3,">"&$CW$4,$AD5:$BA5)), IF(BN$3=$DF5+'Model Setup'!$H$7,SUMIF($BH$3:$CE$3,"="&$DF5+'Model Setup'!$H$7,$AD5:$BA5)+'Model Setup'!$H$8*(SUMIF($BH$3:$CE$3,"<"&$DF5,$AD5:$BA5)+SUMIF($BH$3:$CE$3,">"&$CW$4,$AD5:$BA5)), IF(BN$3=$DF5+'Model Setup'!$I$7,SUMIF($BH$3:$CE$3,"="&$DF5+'Model Setup'!$I$7,$AD5:$BA5)+'Model Setup'!$I$8*(SUMIF($BH$3:$CE$3,"<"&$DF5,$AD5:$BA5)+SUMIF($BH$3:$CE$3,">"&$CW$4,$AD5:$BA5)), IF(BN$3=$DF5+'Model Setup'!$J$7,SUMIF($BH$3:$CE$3,"="&$DF5+'Model Setup'!$J$7,$AD5:$BA5)+'Model Setup'!$J$8*(SUMIF($BH$3:$CE$3,"<"&$DF5,$AD5:$BA5)+SUMIF($BH$3:$CE$3,">"&$CW$4,$AD5:$BA5)), IF(BN$3=$DF5+'Model Setup'!$K$7,SUMIF($BH$3:$CE$3,"="&$DF5+'Model Setup'!$K$7,$AD5:$BA5)+'Model Setup'!$K$8*(SUMIF($BH$3:$CE$3,"<"&$DF5,$AD5:$BA5)+SUMIF($BH$3:$CE$3,">"&$CW$4,$AD5:$BA5)), IF(BN$3=$DF5+'Model Setup'!$L$7,SUMIF($BH$3:$CE$3,"="&$DF5+'Model Setup'!$L$7,$AD5:$BA5)+'Model Setup'!$L$8*(SUMIF($BH$3:$CE$3,"<"&$DF5,$AD5:$BA5)+SUMIF($BH$3:$CE$3,">"&$CW$4,$AD5:$BA5)), IF(BN$3=$DF5+'Model Setup'!$M$7,SUMIF($BH$3:$CE$3,"="&$DF5+'Model Setup'!$M$7,$AD5:$BA5)+'Model Setup'!$M$8*(SUMIF($BH$3:$CE$3,"<"&$DF5,$AD5:$BA5)+SUMIF($BH$3:$CE$3,">"&$CW$4,$AD5:$BA5)), IF(BN$3=$DF5+'Model Setup'!$N$7,SUMIF($BH$3:$CE$3,"="&$DF5+'Model Setup'!$N$7,$AD5:$BA5)+'Model Setup'!$N$8*(SUMIF($BH$3:$CE$3,"<"&$DF5,$AD5:$BA5)+SUMIF($BH$3:$CE$3,">"&$CW$4,$AD5:$BA5)), IF(BN$3<$CW$4,H5,0))))))))))))))),0) -> 0 | BO5: =ROUND(IF(OR(BO$3<$DF5,BO$3>$CW$4),0, IF(BO$3=$DF5+'Model Setup'!$B$7,SUMIF($BH$3:$CE$3,"="&$DF5+'Model Setup'!$B$7,$AD5:$BA5)+'Model Setup'!$B$8*(SUMIF($BH$3:$CE$3,"<"&$DF5,$AD5:$BA5)+SUMIF($BH$3:$CE$3,">"&$CW$4,$AD5:$BA5)), IF(BO$3=$DF5+'Model Setup'!$C$7,SUMIF($BH$3:$CE$3,"="&$DF5+'Model Setup'!$C$7,$AD5:$BA5)+'Model Setup'!$C$8*(SUMIF($BH$3:$CE$3,"<"&$DF5,$AD5:$BA5)+SUMIF($BH$3:$CE$3,">"&$CW$4,$AD5:$BA5)), IF(BO$3=$DF5+'Model Setup'!$D$7,SUMIF($BH$3:$CE$3,"="&$DF5+'Model Setup'!$D$7,$AD5:$BA5)+'Model Setup'!$D$8*(SUMIF($BH$3:$CE$3,"<"&$DF5,$AD5:$BA5)+SUMIF($BH$3:$CE$3,">"&$CW$4,$AD5:$BA5)), IF(BO$3=$DF5+'Model Setup'!$E$7,SUMIF($BH$3:$CE$3,"="&$DF5+'Model Setup'!$E$7,$AD5:$BA5)+'Model Setup'!$E$8*(SUMIF($BH$3:$CE$3,"<"&$DF5,$AD5:$BA5)+SUMIF($BH$3:$CE$3,">"&$CW$4,$AD5:$BA5)), IF(BO$3=$DF5+'Model Setup'!$F$7,SUMIF($BH$3:$CE$3,"="&$DF5+'Model Setup'!$F$7,$AD5:$BA5)+'Model Setup'!$F$8*(SUMIF($BH$3:$CE$3,"<"&$DF5,$AD5:$BA5)+SUMIF($BH$3:$CE$3,">"&$CW$4,$AD5:$BA5)), IF(BO$3=$DF5+'Model Setup'!$G$7,SUMIF($BH$3:$CE$3,"="&$DF5+'Model Setup'!$G$7,$AD5:$BA5)+'Model Setup'!$G$8*(SUMIF($BH$3:$CE$3,"<"&$DF5,$AD5:$BA5)+SUMIF($BH$3:$CE$3,">"&$CW$4,$AD5:$BA5)), IF(BO$3=$DF5+'Model Setup'!$H$7,SUMIF($BH$3:$CE$3,"="&$DF5+'Model Setup'!$H$7,$AD5:$BA5)+'Model Setup'!$H$8*(SUMIF($BH$3:$CE$3,"<"&$DF5,$AD5:$BA5)+SUMIF($BH$3:$CE$3,">"&$CW$4,$AD5:$BA5)), IF(BO$3=$DF5+'Model Setup'!$I$7,SUMIF($BH$3:$CE$3,"="&$DF5+'Model Setup'!$I$7,$AD5:$BA5)+'Model Setup'!$I$8*(SUMIF($BH$3:$CE$3,"<"&$DF5,$AD5:$BA5)+SUMIF($BH$3:$CE$3,">"&$CW$4,$AD5:$BA5)), IF(BO$3=$DF5+'Model Setup'!$J$7,SUMIF($BH$3:$CE$3,"="&$DF5+'Model Setup'!$J$7,$AD5:$BA5)+'Model Setup'!$J$8*(SUMIF($BH$3:$CE$3,"<"&$DF5,$AD5:$BA5)+SUMIF($BH$3:$CE$3,">"&$CW$4,$AD5:$BA5)), IF(BO$3=$DF5+'Model Setup'!$K$7,SUMIF($BH$3:$CE$3,"="&$DF5+'Model Setup'!$K$7,$AD5:$BA5)+'Model Setup'!$K$8*(SUMIF($BH$3:$CE$3,"<"&$DF5,$AD5:$BA5)+SUMIF($BH$3:$CE$3,">"&$CW$4,$AD5:$BA5)), IF(BO$3=$DF5+'Model Setup'!$L$7,SUMIF($BH$3:$CE$3,"="&$DF5+'Model Setup'!$L$7,$AD5:$BA5)+'Model Setup'!$L$8*(SUMIF($BH$3:$CE$3,"<"&$DF5,$AD5:$BA5)+SUMIF($BH$3:$CE$3,">"&$CW$4,$AD5:$BA5)), IF(BO$3=$DF5+'Model Setup'!$M$7,SUMIF($BH$3:$CE$3,"="&$DF5+'Model Setup'!$M$7,$AD5:$BA5)+'Model Setup'!$M$8*(SUMIF($BH$3:$CE$3,"<"&$DF5,$AD5:$BA5)+SUMIF($BH$3:$CE$3,">"&$CW$4,$AD5:$BA5)), IF(BO$3=$DF5+'Model Setup'!$N$7,SUMIF($BH$3:$CE$3,"="&$DF5+'Model Setup'!$N$7,$AD5:$BA5)+'Model Setup'!$N$8*(SUMIF($BH$3:$CE$3,"<"&$DF5,$AD5:$BA5)+SUMIF($BH$3:$CE$3,">"&$CW$4,$AD5:$BA5)), IF(BO$3<$CW$4,I5,0))))))))))))))),0) -> 0 | ... CE5: =ROUND(IF(OR(CE$3<$DF5,CE$3>$CW$4),0, IF(CE$3=$DF5+'Model Setup'!$B$7,SUMIF($BH$3:$CE$3,"="&$DF5+'Model Setup'!$B$7,$AD5:$BA5)+'Model Setup'!$B$8*(SUMIF($BH$3:$CE$3,"<"&$DF5,$AD5:$BA5)+SUMIF($BH$3:$CE$3,">"&$CW$4,$AD5:$BA5)), IF(CE$3=$DF5+'Model Setup'!$C$7,SUMIF($BH$3:$CE$3,"="&$DF5+'Model Setup'!$C$7,$AD5:$BA5)+'Model Setup'!$C$8*(SUMIF($BH$3:$CE$3,"<"&$DF5,$AD5:$BA5)+SUMIF($BH$3:$CE$3,">"&$CW$4,$AD5:$BA5)), IF(CE$3=$DF5+'Model Setup'!$D$7,SUMIF($BH$3:$CE$3,"="&$DF5+'Model Setup'!$D$7,$AD5:$BA5)+'Model Setup'!$D$8*(SUMIF($BH$3:$CE$3,"<"&$DF5,$AD5:$BA5)+SUMIF($BH$3:$CE$3,">"&$CW$4,$AD5:$BA5)), IF(CE$3=$DF5+'Model Setup'!$E$7,SUMIF($BH$3:$CE$3,"="&$DF5+'Model Setup'!$E$7,$AD5:$BA5)+'Model Setup'!$E$8*(SUMIF($BH$3:$CE$3,"<"&$DF5,$AD5:$BA5)+SUMIF($BH$3:$CE$3,">"&$CW$4,$AD5:$BA5)), IF(CE$3=$DF5+'Model Setup'!$F$7,SUMIF($BH$3:$CE$3,"="&$DF5+'Model Setup'!$F$7,$AD5:$BA5)+'Model Setup'!$F$8*(SUMIF($BH$3:$CE$3,"<"&$DF5,$AD5:$BA5)+SUMIF($BH$3:$CE$3,">"&$CW$4,$AD5:$BA5)), IF(CE$3=$DF5+'Model Setup'!$G$7,SUMIF($BH$3:$CE$3,"="&$DF5+'Model Setup'!$G$7,$AD5:$BA5)+'Model Setup'!$G$8*(SUMIF($BH$3:$CE$3,"<"&$DF5,$AD5:$BA5)+SUMIF($BH$3:$CE$3,">"&$CW$4,$AD5:$BA5)), IF(CE$3=$DF5+'Model Setup'!$H$7,SUMIF($BH$3:$CE$3,"="&$DF5+'Model Setup'!$H$7,$AD5:$BA5)+'Model Setup'!$H$8*(SUMIF($BH$3:$CE$3,"<"&$DF5,$AD5:$BA5)+SUMIF($BH$3:$CE$3,">"&$CW$4,$AD5:$BA5)), IF(CE$3=$DF5+'Model Setup'!$I$7,SUMIF($BH$3:$CE$3,"="&$DF5+'Model Setup'!$I$7,$AD5:$BA5)+'Model Setup'!$I$8*(SUMIF($BH$3:$CE$3,"<"&$DF5,$AD5:$BA5)+SUMIF($BH$3:$CE$3,">"&$CW$4,$AD5:$BA5)), IF(CE$3=$DF5+'Model Setup'!$J$7,SUMIF($BH$3:$CE$3,"="&$DF5+'Model Setup'!$J$7,$AD5:$BA5)+'Model Setup'!$J$8*(SUMIF($BH$3:$CE$3,"<"&$DF5,$AD5:$BA5)+SUMIF($BH$3:$CE$3,">"&$CW$4,$AD5:$BA5)), IF(CE$3=$DF5+'Model Setup'!$K$7,SUMIF($BH$3:$CE$3,"="&$DF5+'Model Setup'!$K$7,$AD5:$BA5)+'Model Setup'!$K$8*(SUMIF($BH$3:$CE$3,"<"&$DF5,$AD5:$BA5)+SUMIF($BH$3:$CE$3,">"&$CW$4,$AD5:$BA5)), IF(CE$3=$DF5+'Model Setup'!$L$7,SUMIF($BH$3:$CE$3,"="&$DF5+'Model Setup'!$L$7,$AD5:$BA5)+'Model Setup'!$L$8*(SUMIF($BH$3:$CE$3,"<"&$DF5,$AD5:$BA5)+SUMIF($BH$3:$CE$3,">"&$CW$4,$AD5:$BA5)), IF(CE$3=$DF5+'Model Setup'!$M$7,SUMIF($BH$3:$CE$3,"="&$DF5+'Model Setup'!$M$7,$AD5:$BA5)+'Model Setup'!$M$8*(SUMIF($BH$3:$CE$3,"<"&$DF5,$AD5:$BA5)+SUMIF($BH$3:$CE$3,">"&$CW$4,$AD5:$BA5)), IF(CE$3=$DF5+'Model Setup'!$N$7,SUMIF($BH$3:$CE$3,"="&$DF5+'Model Setup'!$N$7,$AD5:$BA5)+'Model Setup'!$N$8*(SUMIF($BH$3:$CE$3,"<"&$DF5,$AD5:$BA5)+SUMIF($BH$3:$CE$3,">"&$CW$4,$AD5:$BA5)), IF(CE$3<$CW$4,Y5,0))))))))))))))),0) -> 0 | CF5: =SUM(BH5:CE5) -> 105 | CG5: =CF5-BB5 -> -24 | CI5: AK | CJ5: =AI5 -> 0 | CK5: =AJ5 -> 0 | CL5: =AK5 -> 0 | CM5: =AL5 -> 16 | CN5: =AM5 -> 13 | CO5: =AN5 -> 10 | CP5: =AO5 -> 8 | CQ5: =AP5 -> 6 | ... CY5: =AX5 -> 14 | CZ5: =SUM(CJ5:CW5) -> 95 | DC5: AK | DD5: =FTC!E3 -> 0.33333333 | DE5: =FTC!F3 -> 0.875 | DF5: =DD5*24 -> 8 | DG5: =DE5*24 -> 21 | DH5: =DG5-DF5 -> 13
